,Unnamed: 0,id,name,shortName,tla,crest,address,website,founded,clubColors,venue,runningCompetitions,squad,staff,lastUpdated,area_id,area_name,area_code,area_flag,coach_id,coach_firstName,coach_lastName,coach_name,coach_dateOfBirth,coach_nationality,coach_contract_start,coach_contract_until
0,0,57,Arsenal FC,Arsenal,ARS,https://crests.football-data.org/57.png,75 Drayton Park London N5 1BU,http://www.arsenal.com,1886.0,Red / White,Emirates Stadium,"[{'id': 2021, 'name': 'Premier League', 'code': 'PL', 'type': 'LEAGUE', 'emblem': 'https://crests.football-data.org/PL.png'}, {'id': 2001, 'name': 'UEFA Champions League', 'code': 'CL', 'type': 'CUP', 'emblem': 'https://crests.football-data.org/CL.png'}]","[{'id': 3827, 'name': 'Rúnar Alex Rúnarsson', 'position': 'Goalkeeper', 'dateOfBirth': '1995-02-18', 'nationality': 'Iceland'}, {'id': 5530, 'name': 'Aaron Ramsdale', 'position': 'Goalkeeper', 'dateOfBirth': '1998-05-14', 'nationality': 'England'}, {'id': 165267, 'name': 'Arthur Okonkwo', 'position': 'Goalkeeper', 'dateOfBirth': '2001-09-09', 'nationality': 'England'}, {'id': 171669, 'name': 'Karl Hein', 'position': 'Goalkeeper', 'dateOfBirth': None, 'nationality': 'Estonia'}, {'id': 3244, 'name': 'Cédric', 'position': 'Defence', 'dateOfBirth': '1991-08-31', 'nationality': 'Portugal'}, {'id': 6154, 'name': 'Ben White', 'position': 'Defence', 'dateOfBirth': '1997-10-08', 'nationality': 'England'}, {'id': 7784, 'name': 'Rob Holding', 'position': 'Defence', 'dateOfBirth': '1995-09-20', 'nationality': 'England'}, {'id': 7889, 'name': 'Oleksandr Zinchenko', 'position': 'Defence', 'dateOfBirth': '1996-12-15', 'nationality': 'Ukraine'}, {'id': 9034, 'name': 'Takehiro Tomiyasu', 'position': 'Defence', 'dateOfBirth': '1998-11-05', 'nationality': 'Japan'}, {'id': 15615, 'name': 'Kieran Tierney', 'position': 'Defence', 'dateOfBirth': '1997-06-05', 'nationality': 'Scotland'}, {'id': 23128, 'name': 'Gabriel', 'position': 'Defence', 'dateOfBirth': '1997-12-19', 'nationality': 'Brazil'}, {'id': 80171, 'name': 'William Saliba', 'position': 'Defence', 'dateOfBirth': '2001-03-24', 'nationality': 'France'}, {'id': 80459, 'name': 'Nuno Tavares', 'position': 'Defence', 'dateOfBirth': '2000-01-26', 'nationality': 'Portugal'}, {'id': 98816, 'name': 'Jurrien Timber', 'position': 'Defence', 'dateOfBirth': '2001-06-17', 'nationality': 'Netherlands'}, {'id': 147286, 'name': 'Jakub Kiwior', 'position': 'Defence', 'dateOfBirth': '2000-02-15', 'nationality': 'Poland'}, {'id': 110, 'name': 'Thomas Partey', 'position': 'Midfield', 'dateOfBirth': '1993-06-13', 'nationality': 'Ghana'}, {'id': 171, 'name': 'Kai Havertz', 'position': 'Midfield', 'dateOfBirth': '1999-06-11', 'nationality': 'Germany'}, {'id': 2094, 'name': 'Jorginho', 'position': 'Midfield', 'dateOfBirth': '1991-12-20', 'nationality': 'Italy'}, {'id': 3755, 'name': 'Mohamed El Neny', 'position': 'Midfield', 'dateOfBirth': '1992-07-11', 'nationality': 'Egypt'}, {'id': 7427, 'name': 'Martin Ødegaard', 'position': 'Midfield', 'dateOfBirth': '1998-12-17', 'nationality': 'Norway'}, {'id': 8215, 'name': 'Declan Rice', 'position': 'Midfield', 'dateOfBirth': '1999-01-14', 'nationality': 'England'}, {'id': 8862, 'name': 'Albert Sambi Lokonga', 'position': 'Midfield', 'dateOfBirth': '1999-10-22', 'nationality': 'Belgium'}, {'id': 8984, 'name': 'Leandro Trossard', 'position': 'Midfield', 'dateOfBirth': '1994-12-04', 'nationality': 'Belgium'}, {'id': 85570, 'name': 'Emile Smith Rowe', 'position': 'Midfield', 'dateOfBirth': '2000-07-28', 'nationality': 'England'}, {'id': 112948, 'name': 'Fabio Vieira', 'position': 'Midfield', 'dateOfBirth': '2000-05-30', 'nationality': 'Portugal'}, {'id': 3236, 'name': 'Gabriel Jesus', 'position': 'Offence', 'dateOfBirth': '1997-04-03', 'nationality': 'Brazil'}, {'id': 7799, 'name': 'Reiss Nelson', 'position': 'Offence', 'dateOfBirth': '1999-12-10', 'nationality': 'England'}, {'id': 7800, 'name': 'Eddie Nketiah', 'position': 'Offence', 'dateOfBirth': '1999-05-30', 'nationality': 'England'}, {'id': 8412, 'name': 'Nicolas Pépé', 'position': 'Offence', 'dateOfBirth': '1995-05-29', 'nationality': 'Ivory Coast'}, {'id': 61450, 'name': 'Martinelli', 'position': 'Offence', 'dateOfBirth': '2001-06-18', 'nationality': 'Brazil'}, {'id': 99813, 'name': 'Bukayo Saka', 'position': 'Offence', 'dateOfBirth': '2001-09-05', 'nationality': 'England'}, {'id': 131040, 'name': 'Folarin Balogun', 'position': 'Offence', 'dateOfBirth': '2001-07-03', 'nationality': 'England'}, {'id': 179744, 'name': 'Mikel Arteta', 'position': None, 'dateOfBirth': '1982-03-26', 'nationality': 'Spain'}]",[],2022-02-10T19:48:56Z,2072,England,ENG,https://crests.football-data.org/770.svg,179744,0,Mikel Arteta,Mikel Arteta,1982-03-26,Spain,2019-12,2025-06
1,1,58,Aston Villa FC,Aston Villa,AVL,https://crests.football-data.org/58.png,Villa Park Birmingham B6 6HE,http://www.avfc.co.uk,1872.0,Claret / Sky Blue,Villa Park,"[{'id': 2021, 'name': 'Premier League', 'code': 'PL', 'type': 'LEAGUE', 'emblem': 'https://crests.football-data.org/PL.png'}, {'id': 2154, 'name': 'UEFA Conference League', 'code': 'UCL', 'type': 'CUP', 'emblem': 'https://crests.football-data.org/UCL.png'}]","[{'id': 3141, 'name': 'Emiliano Martínez', 'position': 'Goalkeeper', 'dateOfBirth': '1992-09-02', 'nationality': 'Argentina'}, {'id': 15512, 'name': 'Robin Olsen', 'position': 'Goalkeeper', 'dateOfBirth': '1990-01-08', 'nationality': 'Sweden'}, {'id': 3359, 'name': 'Lucas Digne', 'position': 'Defence', 'dateOfBirth': '1993-07-20', 'nationality': 'France'}, {'id': 4082, 'name': 'Kortney Hause', 'position': 'Defence', 'dateOfBirth': '1995-07-16', 'nationality': 'England'}, {'id': 6317, 'name': 'Ezri Konsa', 'position': 'Defence', 'dateOfBirth': '1998-04-06', 'nationality': 'England'}, {'id': 7787, 'name': 'Calum Chambers', 'position': 'Defence', 'dateOfBirth': '1995-01-20', 'nationality': 'England'}, {'id': 8235, 'name': 'Tyrone Mings', 'position': 'Defence', 'dateOfBirth': '1993-03-13', 'nationality': 'England'}, {'id': 8346, 'name': 'Boubacar Kamara', 'position': 'Defence', 'dateOfBirth': '1999-11-23', 'nationality': 'France'}, {'id': 8698, 'name': 'Diego Carlos', 'position': 'Defence', 'dateOfBirth': '1993-03-15', 'nationality': 'Brazil'}, {'id': 11644, 'name': 'Matty Cash', 'position': 'Defence', 'dateOfBirth': '1997-08-07', 'nationality': 'Poland'}, {'id': 32123, 'name': 'Alex Moreno', 'position': 'Defence', 'dateOfBirth': '1993-06-08', 'nationality': 'Spain'}, {'id': 33109, 'name': 'Pau Torres', 'position': 'Defence', 'dateOfBirth': '1997-01-16', 'nationality': 'Spain'}, {'id': 3228, 'name': 'Philippe Coutinho', 'position': 'Midfield', 'dateOfBirth': '1992-06-12', 'nationality': 'Brazil'}, {'id': 3658, 'name': 'Youri Tielemans', 'position': 'Midfield', 'dateOfBirth': '1997-05-07', 'nationality': 'Belgium'}, {'id': 3659, 'name': 'Leander Dendoncker', 'position': 'Midfield', 'dateOfBirth': '1995-04-15', 'nationality': 'Belgium'}, {'id': 31941, 'name': 'Emiliano Buendía', 'position': 'Midfield', 'dateOfBirth': '1996-12-25', 'nationality': 'Argentina'}, {'id': 33525, 'name': 'Douglas Luiz', 'position': 'Midfield', 'dateOfBirth': '1998-05-09', 'nationality': 'Brazil'}, {'id': 34646, 'name': 'John McGinn', 'position': 'Midfield', 'dateOfBirth': '1994-10-18', 'nationality': 'Scotland'}, {'id': 111437, 'name': 'Jacob Ramsey', 'position': 'Midfield', 'dateOfBirth': '2001-05-28', 'nationality': 'England'}, {'id': 172632, 'name': 'Jaden Philogene-Bidace', 'position': 'Midfield', 'dateOfBirth': '2002-02-08', 'nationality': 'England'}, {'id': 191406, 'name': 'Tim Iroegbunam', 'position': 'Midfield', 'dateOfBirth': '2003-06-30', 'nationality': 'England'}, {'id': 157, 'name': 'Leon Bailey', 'position': 'Offence', 'dateOfBirth': '1997-08-09', 'nationality': 'Jamaica'}, {'id': 2240, 'name': 'Moussa Diaby', 'position': 'Offence', 'dateOfBirth': '1999-07-07', 'nationality': 'France'}, {'id': 3896, 'name': 'Keinan Davis', 'position': 'Offence', 'dateOfBirth': '1998-02-13', 'nationality': 'England'}, {'id': 4444, 'name': 'Ollie Watkins', 'position': 'Offence', 'dateOfBirth': '1995-12-30', 'nationality': 'England'}, {'id': 8467, 'name': 'Bertrand Traoré', 'position': 'Offence', 'dateOfBirth': '1995-09-06', 'nationality': 'Burkina Faso'}, {'id': 104493, 'name': 'Jhon Durán', 'position': 'Offence', 'dateOfBirth': '2003-12-13', 'nationality': 'Colombia'}, {'id': 128242, 'name': 'Cameron Archer', 'position': 'Offence', 'dateOfBirth': '2001-07-21', 'nationality': 'England'}, {'id': 11616, 'name': 'Unai Emery', 'position': None, 'dateOfBirth': '1971-11-03', 'nationality': 'Spain'}]",[],2022-04-03T16:22:14Z,2072,England,ENG,https://crests.football-data.org/770.svg,11616,0,Unai Emery,Unai Emery,1971-11-03,Spain,2022-11,2024-06
2,2,61,Chelsea FC,Chelsea,CHE,https://crests.football-data.org/61.png,Fulham Road London SW6 1HS,http://www.chelseafc.com,1905.0,Royal Blue / White,Stamford Bridge,"[{'id': 2021, 'name': 'Premier League', 'code': 'PL', 'type': 'LEAGUE', 'emblem': 'https://crests.football-data.org/PL.png'}, {'id': 2139, 'name': 'Football League Cup', 'code': 'FLC', 'type': 'CUP', 'emblem': 'https://crests.football-data.org/FLC.png'}]","[{'id': 3953, 'name': 'Marcus Bettinelli', 'position': 'Goalkeeper', 'dateOfBirth': '1992-05-24', 'nationality': 'England'}, {'id': 135555, 'name': 'Robert Sánchez', 'position': 'Goalkeeper', 'dateOfBirth': '1997-11-18', 'nationality': 'Spain'}, {'id': 179663, 'name': 'Lucas Bergström', 'position': 'Goalkeeper', 'dateOfBirth': '2002-09-05', 'nationality': 'Finland'}, {'id': 813, 'name': 'Axel Disasi', 'position': 'Defence', 'dateOfBirth': '1998-03-11', 'nationality': 'France'}, {'id': 3224, 'name': 'Thiago Silva', 'position': 'Defence', 'dateOfBirth': '1984-09-22', 'nationality': 'Brazil'}, {'id': 7810, 'name': 'Trevoh Chalobah', 'position': 'Defence', 'dateOfBirth': '1999-07-05', 'nationality': 'England'}, {'id': 8065, 'name': 'Ben Chilwell', 'position': 'Defence', 'dateOfBirth': '1996-12-21', 'nationality': 'England'}, {'id': 8424, 'name': 'Malang Sarr', 'position': 'Defence', 'dateOfBirth': '1999-01-23', 'nationality': 'France'}, {'id': 8545, 'name': 'Wesley Fofana', 'position': 'Defence', 'dateOfBirth': '2000-12-17', 'nationality': 'France'}, {'id': 15863, 'name': 'Cucurella', 'position': 'Defence', 'dateOfBirth': '1998-07-22', 'nationality': 'Spain'}, {'id': 56628, 'name': 'Reece James', 'position': 'Defence', 'dateOfBirth': '1999-12-08', 'nationality': 'England'}, {'id': 131120, 'name': 'Ian Maatsen', 'position': 'Defence', 'dateOfBirth': '2002-03-10', 'nationality': 'Netherlands'}, {'id': 152498, 'name': 'Malo Gusto', 'position': 'Defence', 'dateOfBirth': '2003-05-19', 'nationality': 'France'}, {'id': 170426, 'name': 'Benoît Badiashile', 'position': 'Defence', 'dateOfBirth': '2001-03-26', 'nationality': 'France'}, {'id': 170440, 'name': 'Levi Colwill', 'position': 'Defence', 'dateOfBirth': '2003-02-26', 'nationality': 'England'}, {'id': 191140, 'name': 'Lewis Hall', 'position': 'Defence', 'dateOfBirth': '2025-06-30', 'nationality': 'England'}, {'id': 3707, 'name': 'Hakim Ziyech', 'position': 'Midfield', 'dateOfBirth': '1993-03-19', 'nationality': 'Morocco'}, {'id': 8484, 'name': 'Christopher Nkunku', 'position': 'Midfield', 'dateOfBirth': '1997-11-14', 'nationality': 'France'}, {'id': 11609, 'name': 'Mauricio Pochettino', 'position': 'Midfield', 'dateOfBirth': '1972-03-02', 'nationality': 'Argentina'}, {'id': 98978, 'name': 'Mykhailo Mudryk', 'position': 'Midfield', 'dateOfBirth': '2001-01-05', 'nationality': 'Ukraine'}, {'id': 102603, 'name': 'Enzo Fernández', 'position': 'Midfield', 'dateOfBirth': '2001-01-17', 'nationality': 'Argentina'}, {'id': 119265, 'name': 'Conor Gallagher', 'position': 'Midfield', 'dateOfBirth': '2000-02-06', 'nationality': 'England'}, {'id': 153555, 'name': 'Chimuanya Ugochukwu', 'position': 'Midfield', 'dateOfBirth': '2004-03-26', 'nationality': 'France'}, {'id': 166366, 'name': 'Andrey Santos', 'position': 'Midfield', 'dateOfBirth': '2004-05-03', 'nationality': 'Brazil'}, {'id': 167570, 'name': 'Carney Chukwuemeka', 'position': 'Midfield', 'dateOfBirth': '2003-10-20', 'nationality': 'England'}, {'id': 167720, 'name': 'Noni Madueke', 'position': 'Midfield', 'dateOfBirth': '2002-03-10', 'nationality': 'England'}, {'id': 3329, 'name': 'Raheem Sterling', 'position': 'Offence', 'dateOfBirth': '1994-12-08', 'nationality': 'England'}, {'id': 3662, 'name': 'Romelu Lukaku', 'position': 'Offence', 'dateOfBirth': '1993-05-13', 'nationality': 'Belgium'}, {'id': 7816, 'name': 'Callum Hudson-Odoi', 'position': 'Offence', 'dateOfBirth': '2000-11-07', 'nationality': 'England'}, {'id': 143054, 'name': 'Armando Broja', 'position': 'Offence', 'dateOfBirth': '2001-09-10', 'nationality': 'Albania'}, {'id': 152515, 'name': 'Nicolas Jackson', 'position': 'Offence', 'dateOfBirth': '2001-06-20', 'nationality': 'Senegal'}, {'id': 217466, 'name': 'Eddie Beach', 'position': None, 'dateOfBirth': '2003-11-14', 'nationality': 'Wales'}]",[],2022-02-10T19:24:40Z,2072,England,ENG,https://crests.football-data.org/770.svg,11609,Mauricio,Pochettino,Mauricio Pochettino,1972-03-02,Argentina,2023-07,2025-06
3,3,62,Everton FC,Everton,EVE,https://crests.football-data.org/62.png,Goodison Park Liverpool L4 4EL,http://www.evertonfc.com,1878.0,Blue / White,Goodison Park,"[{'id': 2021, 'name': 'Premier League', 'code': 'PL', 'type': 'LEAGUE', 'emblem': 'https://crests.football-data.org/PL.png'}, {'id': 2139, 'name': 'Football League Cup', 'code': 'FLC', 'type': 'CUP', 'emblem': 'https://crests.football-data.org/FLC.png'}]","[{'id': 3309, 'name': 'Jordan Pickford', 'position': 'Goalkeeper', 'dateOfBirth': '1994-03-07', 'nationality': 'England'}, {'id': 4133, 'name': 'Andy Lonergan', 'position': 'Goalkeeper', 'dateOfBirth': '1983-10-19', 'nationality': 'England'}, {'id': 82207, 'name': 'João Virgínia', 'position': 'Goalkeeper', 'dateOfBirth': '1999-10-10', 'nationality': 'Portugal'}, {'id': 3316, 'name': 'James Tarkowski', 'position': 'Defence', 'dateOfBirth': '1992-11-19', 'nationality': 'England'}, {'id': 3317, 'name': 'Ashley Young', 'position': 'Defence', 'dateOfBirth': '1985-07-09', 'nationality': 'England'}, {'id': 5487, 'name': 'Ben Godfrey', 'position': 'Defence', 'dateOfBirth': '1998-01-15', 'nationality': 'England'}, {'id': 7826, 'name': 'Mason Holgate', 'position': 'Defence', 'dateOfBirth': '1996-10-22', 'nationality': 'England'}, {'id': 7829, 'name': 'Michael Keane', 'position': 'Defence', 'dateOfBirth': '1993-01-11', 'nationality': 'England'}, {'id': 7836, 'name': 'Séamus Coleman', 'position': 'Defence', 'dateOfBirth': '1988-10-11', 'nationality': 'Ireland'}, {'id': 16165, 'name': 'Vitalii Mykolenko', 'position': 'Defence', 'dateOfBirth': '1999-05-29', 'nationality': 'Ukraine'}, {'id': 114120, 'name': 'Jarrad Branthwaite', 'position': 'Defence', 'dateOfBirth': '2002-06-27', 'nationality': 'England'}, {'id': 138174, 'name': 'Nathan Patterson', 'position': 'Defence', 'dateOfBirth': '2001-10-16', 'nationality': 'Scotland'}, {'id': 3251, 'name': 'André Gomes', 'position': 'Midfield', 'dateOfBirth': '1993-07-30', 'nationality': 'Portugal'}, {'id': 3324, 'name': 'Dele Alli', 'position': 'Midfield', 'dateOfBirth': '1996-04-11', 'nationality': 'England'}, {'id': 3627, 'name': 'Idrissa Gana Guèye', 'position': 'Midfield', 'dateOfBirth': '1989-09-26', 'nationality': 'Senegal'}, {'id': 4220, 'name': 'Jack Harrison', 'position': 'Midfield', 'dateOfBirth': '1996-11-20', 'nationality': 'England'}, {'id': 6623, 'name': 'Jean-Philippe Gbamin', 'position': 'Midfield', 'dateOfBirth': '1995-09-25', 'nationality': 'Ivory Coast'}, {'id': 8072, 'name': 'Demarai Gray', 'position': 'Midfield', 'dateOfBirth': '1996-06-28', 'nationality': 'Jamaica'}, {'id': 8119, 'name': 'Abdoulaye Doucouré', 'position': 'Midfield', 'dateOfBirth': '1993-01-01', 'nationality': 'Mali'}, {'id': 11623, 'name': 'Dwight McNeil', 'position': 'Midfield', 'dateOfBirth': '1999-11-22', 'nationality': 'England'}, {'id': 101076, 'name': 'James Garner', 'position': 'Midfield', 'dateOfBirth': '2001-03-13', 'nationality': 'England'}, {'id': 114024, 'name': 'Amadou Onana', 'position': 'Midfield', 'dateOfBirth': '2001-08-16', 'nationality': 'Belgium'}, {'id': 3392, 'name': 'Alex Iwobi', 'position': 'Offence', 'dateOfBirth': '1996-05-03', 'nationality': 'Nigeria'}, {'id': 4443, 'name': 'Neal Maupay', 'position': 'Offence', 'dateOfBirth': '1996-08-14', 'nationality': 'France'}, {'id': 7839, 'name': 'Dominic Calvert-Lewin', 'position': 'Offence', 'dateOfBirth': '1997-03-16', 'nationality': 'England'}, {'id': 9870, 'name': 'Arnaut Danjuma', 'position': 'Offence', 'dateOfBirth': '1997-01-31', 'nationality': 'Netherlands'}, {'id': 188082, 'name': 'Youssef Chermiti', 'position': 'Offence', 'dateOfBirth': '2004-05-24', 'nationality': 'Portugal'}, {'id': 189611, 'name': 'Thomas Cannon', 'position': 'Offence', 'dateOfBirth': '2002-12-28', 'nationality': 'England'}, {'id': 11584, 'name': 'Sean Dyche', 'position': None, 'dateOfBirth': '1971-06-28', 'nationality': 'England'}]",[],2022-02-10T19:47:42Z,2072,England,ENG,https://crests.football-data.org/770.svg,11584,Sean,Dyche,Sean Dyche,1971-06-28,England,2023-01,2025-06
4,4,63,Fulham FC,Fulham,FUL,https://crests.football-data.org/63.svg,"Craven Cottage, Stevenage Road London SW6 6HH",http://www.fulhamfc.com,1879.0,White / Black,Craven Cottage,"[{'id': 2021, 'name': 'Premier League', 'code': 'PL', 'type': 'LEAGUE', 'emblem': 'https://crests.football-data.org/PL.png'}, {'id': 2139, 'name': 'Football League Cup', 'code': 'FLC', 'type': 'CUP', 'emblem': 'https://crests.football-data.org/FLC.png'}]","[{'id': 3174, 'name': 'Bernd Leno', 'position': 'Goalkeeper', 'dateOfBirth': '1992-03-04', 'nationality': 'Germany'}, {'id': 6445, 'name': 'Marek Rodák', 'position': 'Goalkeeper', 'dateOfBirth': '1996-12-13', 'nationality': 'Slovakia'}, {'id': 3927, 'name': 'Antonee Robinson', 'position': 'Defence', 'dateOfBirth': '1997-08-08', 'nationality': 'USA'}, {'id': 3956, 'name': 'Tim Ream', 'position': 'Defence', 'dateOfBirth': '1987-10-05', 'nationality': 'USA'}, {'id': 7880, 'name': 'Tosin Adarabioyo', 'position': 'Defence', 'dateOfBirth': '1997-09-24', 'nationality': 'England'}, {'id': 8179, 'name': 'Terence Kongolo', 'position': 'Defence', 'dateOfBirth': '1994-02-14', 'nationality': 'Netherlands'}, {'id': 8296, 'name': 'Issa Diop', 'position': 'Defence', 'dateOfBirth': '1997-01-09', 'nationality': 'France'}, {'id': 8460, 'name': 'Kenny Tete', 'position': 'Defence', 'dateOfBirth': '1995-10-09', 'nationality': 'Netherlands'}, {'id': 16268, 'name': 'Kevin Mbabu', 'position': 'Defence', 'dateOfBirth': '1995-04-19', 'nationality': 'Switzerland'}, {'id': 146154, 'name': 'Calvin Bassey', 'position': 'Defence', 'dateOfBirth': '1999-12-31', 'nationality': 'Nigeria'}, {'id': 3230, 'name': 'Willian', 'position': 'Midfield', 'dateOfBirth': '1988-08-09', 'nationality': 'Brazil'}, {'id': 3965, 'name': 'Tom Cairney', 'position': 'Midfield', 'dateOfBirth': '1991-01-20', 'nationality': 'England'}, {'id': 3995, 'name': 'Harrison Reed', 'position': 'Midfield', 'dateOfBirth': '1995-01-27', 'nationality': 'England'}, {'id': 4398, 'name': 'Bobby Reid', 'position': 'Midfield', 'dateOfBirth': '1993-02-02', 'nationality': 'Jamaica'}, {'id': 11777, 'name': 'Harry Wilson', 'position': 'Midfield', 'dateOfBirth': '1997-03-22', 'nationality': 'Wales'}, {'id': 15884, 'name': 'João Palhinha', 'position': 'Midfield', 'dateOfBirth': '1995-07-09', 'nationality': 'Portugal'}, {'id': 32938, 'name': 'Saša Lukić', 'position': 'Midfield', 'dateOfBirth': '1996-08-13', 'nationality': 'Serbia'}, {'id': 33153, 'name': 'Andreas Pereira', 'position': 'Midfield', 'dateOfBirth': '1996-01-01', 'nationality': 'Brazil'}, {'id': 128241, 'name': 'Tyrese Francois', 'position': 'Midfield', 'dateOfBirth': '2000-07-16', 'nationality': 'Australia'}, {'id': 187167, 'name': 'Luke Harris', 'position': 'Midfield', 'dateOfBirth': '2005-04-03', 'nationality': 'Wales'}, {'id': 3305, 'name': 'Raúl Jiménez', 'position': 'Offence', 'dateOfBirth': '1991-05-05', 'nationality': 'Mexico'}, {'id': 3445, 'name': 'Aleksandar Mitrović', 'position': 'Offence', 'dateOfBirth': '1994-09-16', 'nationality': 'Serbia'}, {'id': 4221, 'name': 'Adama Traoré', 'position': 'Offence', 'dateOfBirth': '1996-01-25', 'nationality': 'Spain'}, {'id': 8284, 'name': 'Anthony Knockaert', 'position': 'Offence', 'dateOfBirth': '1991-11-20', 'nationality': 'France'}, {'id': 37833, 'name': 'Carlos Vinícius', 'position': 'Offence', 'dateOfBirth': '1995-03-25', 'nationality': 'Brazil'}, {'id': 137475, 'name': 'Jay Stansfield', 'position': 'Offence', 'dateOfBirth': '2002-11-24', 'nationality': 'England'}, {'id': 138036, 'name': 'Rodrigo Muniz', 'position': 'Offence', 'dateOfBirth': '2001-05-04', 'nationality': 'Brazil'}, {'id': 217596, 'name': 'Luc De Fougerolles', 'position': None, 'dateOfBirth': '2005-10-12', 'nationality': 'Canada'}, {'id': 11579, 'name': 'Marco Silva', 'position': None, 'dateOfBirth': '1977-07-12', 'nationality': 'Portugal'}]",[],2023-07-31T12:05:41Z,2072,England,ENG,https://crests.football-data.org/770.svg,11579,0,Marco Silva,Marco Silva,1977-07-12,Portugal,2021-07,2024-06
5,5,64,Liverpool FC,Liverpool,LIV,https://crests.football-data.org/64.png,Anfield Road Liverpool L4 0TH,http://www.liverpoolfc.tv,1892.0,Red / White,Anfield,"[{'id': 2021, 'name': 'Premier League', 'code': 'PL', 'type': 'LEAGUE', 'emblem': 'https://crests.football-data.org/PL.png'}, {'id': 2146, 'name': 'UEFA Europa League', 'code': 'EL', 'type': 'CUP', 'emblem': 'https://crests.football-data.org/EL.png'}]","[{'id': 1795, 'name': 'Alisson', 'position': 'Goalkeeper', 'dateOfBirth': '1992-10-02', 'nationality': 'Brazil'}, {'id': 8197, 'name': 'Adrián', 'position': 'Goalkeeper', 'dateOfBirth': '1987-01-03', 'nationality': 'Spain'}, {'id': 102046, 'name': 'Caoimhin Kelleher', 'position': 'Goalkeeper', 'dateOfBirth': '1998-11-23', 'nationality': 'Ireland'}, {'id': 7383, 'name': 'Kostas Tsimikas', 'position': 'Defence', 'dateOfBirth': '1996-05-12', 'nationality': 'Greece'}, {'id': 7862, 'name': 'Joe Gomez', 'position': 'Defence', 'dateOfBirth': '1997-05-23', 'nationality': 'England'}, {'id': 7865, 'name': 'Joël Matip', 'position': 'Defence', 'dateOfBirth': '1991-08-08', 'nationality': 'Cameroon'}, {'id': 7867, 'name': 'Trent Alexander-Arnold', 'position': 'Defence', 'dateOfBirth': '1998-10-07', 'nationality': 'England'}, {'id': 7868, 'name': 'Andrew Robertson', 'position': 'Defence', 'dateOfBirth': '1994-03-11', 'nationality': 'Scotland'}, {'id': 7869, 'name': 'Virgil van Dijk', 'position': 'Defence', 'dateOfBirth': '1991-07-08', 'nationality': 'Netherlands'}, {'id': 9542, 'name': 'Ibrahima Konaté', 'position': 'Defence', 'dateOfBirth': '1999-05-25', 'nationality': 'France'}, {'id': 125215, 'name': 'Nathaniel Phillips', 'position': 'Defence', 'dateOfBirth': '1997-03-21', 'nationality': 'England'}, {'id': 356, 'name': 'Thiago Alcântara', 'position': 'Midfield', 'dateOfBirth': '1991-04-11', 'nationality': 'Spain'}, {'id': 7873, 'name': 'Curtis Jones', 'position': 'Midfield', 'dateOfBirth': '2001-01-30', 'nationality': 'England'}, {'id': 16347, 'name': 'Dominik Szoboszlai', 'position': 'Midfield', 'dateOfBirth': '2000-10-25', 'nationality': 'Hungary'}, {'id': 45681, 'name': 'Alexis Mac Allister', 'position': 'Midfield', 'dateOfBirth': '1998-12-24', 'nationality': 'Argentina'}, {'id': 191154, 'name': 'Stefan Bajcetic', 'position': 'Midfield', 'dateOfBirth': '2025-06-30', 'nationality': 'Spain'}, {'id': 3754, 'name': 'Mohamed Salah', 'position': 'Offence', 'dateOfBirth': '1992-06-15', 'nationality': 'Egypt'}, {'id': 4092, 'name': 'Diogo Jota', 'position': 'Offence', 'dateOfBirth': '1996-12-04', 'nationality': 'Portugal'}, {'id': 7459, 'name': 'Cody Gakpo', 'position': 'Offence', 'dateOfBirth': '1999-05-07', 'nationality': 'Netherlands'}, {'id': 22396, 'name': 'Luis Díaz', 'position': 'Offence', 'dateOfBirth': '1997-01-13', 'nationality': 'Colombia'}, {'id': 28612, 'name': 'Darwin Núñez', 'position': 'Offence', 'dateOfBirth': '1999-06-24', 'nationality': 'Uruguay'}, {'id': 124824, 'name': 'Harvey Elliott', 'position': 'Offence', 'dateOfBirth': '2003-04-04', 'nationality': 'England'}, {'id': 9344, 'name': 'Jürgen Klopp', 'position': None, 'dateOfBirth': '1967-06-16', 'nationality': 'Germany'}]",[],2022-02-10T19:30:22Z,2072,England,ENG,https://crests.football-data.org/770.svg,9344,Jürgen,Klopp,Jürgen Klopp,1967-06-16,Germany,2015-10,2026-06
6,6,65,Manchester City FC,Man City,MCI,https://crests.football-data.org/65.png,SportCity Manchester M11 3FF,https://www.mancity.com,1880.0,Sky Blue / White,Etihad Stadium,"[{'id': 2021, 'name': 'Premier League', 'code': 'PL', 'type': 'LEAGUE', 'emblem': 'https://crests.football-data.org/PL.png'}, {'id': 2001, 'name': 'UEFA Champions League', 'code': 'CL', 'type': 'CUP', 'emblem': 'https://crests.football-data.org/CL.png'}]","[{'id': 3222, 'name': 'Ederson', 'position': 'Goalkeeper', 'dateOfBirth': '1993-08-17', 'nationality': 'Brazil'}, {'id': 4172, 'name': 'Scott Carson', 'position': 'Goalkeeper', 'dateOfBirth': '1985-09-03', 'nationality': 'England'}, {'id': 6958, 'name': 'Stefan Ortega Moreno', 'position': 'Goalkeeper', 'dateOfBirth': '1992-11-06', 'nationality': 'Germany'}, {'id': 76596, 'name': 'Zack Steffen', 'position': 'Goalkeeper', 'dateOfBirth': '1995-04-02', 'nationality': 'USA'}, {'id': 143, 'name': 'Manuel Akanji', 'position': 'Defence', 'dateOfBirth': '1995-07-19', 'nationality': 'Switzerland'}, {'id': 164, 'name': 'Sergio Gómez', 'position': 'Defence', 'dateOfBirth': '2000-09-04', 'nationality': 'Spain'}, {'id': 2000, 'name': 'João Cancelo', 'position': 'Defence', 'dateOfBirth': '1994-05-27', 'nationality': 'Portugal'}, {'id': 3311, 'name': 'Kyle Walker', 'position': 'Defence', 'dateOfBirth': '1990-05-28', 'nationality': 'England'}, {'id': 3313, 'name': 'John Stones', 'position': 'Defence', 'dateOfBirth': '1994-05-28', 'nationality': 'England'}, {'id': 7884, 'name': 'Aymeric Laporte', 'position': 'Defence', 'dateOfBirth': '1994-05-27', 'nationality': 'Spain'}, {'id': 8240, 'name': 'Nathan Aké', 'position': 'Defence', 'dateOfBirth': '1995-02-18', 'nationality': 'Netherlands'}, {'id': 10183, 'name': 'Rúben Dias', 'position': 'Defence', 'dateOfBirth': '1997-05-14', 'nationality': 'Portugal'}, {'id': 122266, 'name': 'Joško Gvardiol', 'position': 'Defence', 'dateOfBirth': '2002-01-23', 'nationality': 'Croatia'}, {'id': 131035, 'name': 'Taylor Harwood-Bellis', 'position': 'Defence', 'dateOfBirth': '2002-01-30', 'nationality': 'England'}, {'id': 191171, 'name': 'Rico Lewis', 'position': 'Defence', 'dateOfBirth': '2024-06-30', 'nationality': 'England'}, {'id': 65, 'name': 'Mateo Kovačić', 'position': 'Midfield', 'dateOfBirth': '1994-05-06', 'nationality': 'Croatia'}, {'id': 3199, 'name': 'Rodri', 'position': 'Midfield', 'dateOfBirth': '1996-06-22', 'nationality': 'Spain'}, {'id': 3254, 'name': 'Bernardo Silva', 'position': 'Midfield', 'dateOfBirth': '1994-08-10', 'nationality': 'Portugal'}, {'id': 3654, 'name': 'Kevin De Bruyne', 'position': 'Midfield', 'dateOfBirth': '1991-06-28', 'nationality': 'Belgium'}, {'id': 3895, 'name': 'Jack Grealish', 'position': 'Midfield', 'dateOfBirth': '1995-09-10', 'nationality': 'England'}, {'id': 4147, 'name': 'Kalvin Phillips', 'position': 'Midfield', 'dateOfBirth': '1995-12-02', 'nationality': 'England'}, {'id': 7888, 'name': 'Phil Foden', 'position': 'Midfield', 'dateOfBirth': '2000-05-28', 'nationality': 'England'}, {'id': 11603, 'name': 'Pep Guardiola', 'position': 'Midfield', 'dateOfBirth': '1971-01-18', 'nationality': 'Spain'}, {'id': 144892, 'name': 'Cole Palmer', 'position': 'Midfield', 'dateOfBirth': '2002-05-06', 'nationality': 'England'}, {'id': 172956, 'name': 'James McAtee', 'position': 'Midfield', 'dateOfBirth': '2002-10-18', 'nationality': 'England'}, {'id': 179159, 'name': 'Maximo Perrone', 'position': 'Midfield', 'dateOfBirth': '2003-01-07', 'nationality': 'Argentina'}, {'id': 38101, 'name': 'Erling Haaland', 'position': 'Offence', 'dateOfBirth': '2000-07-21', 'nationality': 'Norway'}, {'id': 98571, 'name': 'Julián Álvarez', 'position': 'Offence', 'dateOfBirth': '2000-01-31', 'nationality': 'Argentina'}]",[],2022-02-10T19:48:37Z,2072,England,ENG,https://crests.football-data.org/770.svg,11603,0,Pep Guardiola,Pep Guardiola,1971-01-18,Spain,2016-07,2025-06
7,7,66,Manchester United FC,Man United,MUN,https://crests.football-data.org/66.png,Sir Matt Busby Way Manchester M16 0RA,http://www.manutd.com,1878.0,Red / White,Old Trafford,"[{'id': 2021, 'name': 'Premier League', 'code': 'PL', 'type': 'LEAGUE', 'emblem': 'https://crests.football-data.org/PL.png'}, {'id': 2001, 'name': 'UEFA Champions League', 'code': 'CL', 'type': 'CUP', 'emblem': 'https://crests.football-data.org/CL.png'}]","[{'id': 5457, 'name': 'Dean Henderson', 'position': 'Goalkeeper', 'dateOfBirth': '1997-03-12', 'nationality': 'England'}, {'id': 7544, 'name': 'André Onana', 'position': 'Goalkeeper', 'dateOfBirth': '1996-04-02', 'nationality': 'Cameroon'}, {'id': 8035, 'name': 'Tom Heaton', 'position': 'Goalkeeper', 'dateOfBirth': '1986-04-15', 'nationality': 'England'}, {'id': 136350, 'name': 'Matej Kovar', 'position': 'Goalkeeper', 'dateOfBirth': '2000-05-17', 'nationality': 'Czech Republic'}, {'id': 3326, 'name': 'Harry Maguire', 'position': 'Defence', 'dateOfBirth': '1993-03-05', 'nationality': 'England'}, {'id': 3360, 'name': 'Raphaël Varane', 'position': 'Defence', 'dateOfBirth': '1993-04-25', 'nationality': 'France'}, {'id': 3492, 'name': 'Victor Nilsson-Lindelöf', 'position': 'Defence', 'dateOfBirth': '1994-07-17', 'nationality': 'Sweden'}, {'id': 7467, 'name': 'Tyrell Malacia', 'position': 'Defence', 'dateOfBirth': '1999-08-17', 'nationality': 'Netherlands'}, {'id': 7898, 'name': 'Luke Shaw', 'position': 'Defence', 'dateOfBirth': '1995-07-12', 'nationality': 'England'}, {'id': 7901, 'name': 'Eric Bailly', 'position': 'Defence', 'dateOfBirth': '1994-04-12', 'nationality': 'Ivory Coast'}, {'id': 8014, 'name': 'Jonny Evans', 'position': 'Defence', 'dateOfBirth': '1988-01-03', 'nationality': 'Northern Ireland'}, {'id': 8158, 'name': 'Aaron Wan-Bissaka', 'position': 'Defence', 'dateOfBirth': '1997-11-26', 'nationality': 'England'}, {'id': 15905, 'name': 'Diogo Dalot', 'position': 'Defence', 'dateOfBirth': '1999-03-18', 'nationality': 'Portugal'}, {'id': 46451, 'name': 'Lisandro Martínez', 'position': 'Defence', 'dateOfBirth': '1998-01-18', 'nationality': 'Argentina'}, {'id': 131126, 'name': 'Brandon Williams', 'position': 'Defence', 'dateOfBirth': '2000-09-03', 'nationality': 'England'}, {'id': 136352, 'name': 'Teden Mengi', 'position': 'Defence', 'dateOfBirth': '2002-04-30', 'nationality': 'England'}, {'id': 182020, 'name': 'Alvaro Fernandez', 'position': 'Defence', 'dateOfBirth': '2003-03-23', 'nationality': 'Spain'}, {'id': 146, 'name': 'Jadon Sancho', 'position': 'Midfield', 'dateOfBirth': '2000-03-25', 'nationality': 'England'}, {'id': 3231, 'name': 'Casemiro', 'position': 'Midfield', 'dateOfBirth': '1992-02-23', 'nationality': 'Brazil'}, {'id': 3257, 'name': 'Bruno Fernandes', 'position': 'Midfield', 'dateOfBirth': '1994-09-08', 'nationality': 'Portugal'}, {'id': 3459, 'name': 'Christian Eriksen', 'position': 'Midfield', 'dateOfBirth': '1992-02-14', 'nationality': 'Denmark'}, {'id': 7556, 'name': 'Donny van de Beek', 'position': 'Midfield', 'dateOfBirth': '1997-04-18', 'nationality': 'Netherlands'}, {'id': 7599, 'name': 'Mason Mount', 'position': 'Midfield', 'dateOfBirth': '1999-01-10', 'nationality': 'England'}, {'id': 7905, 'name': 'Scott McTominay', 'position': 'Midfield', 'dateOfBirth': '1996-12-08', 'nationality': 'Scotland'}, {'id': 169325, 'name': 'Hannibal Mejbri', 'position': 'Midfield', 'dateOfBirth': '2003-01-21', 'nationality': 'Tunisia'}, {'id': 190797, 'name': 'Kobbie Mainoo', 'position': 'Midfield', 'dateOfBirth': '2005-04-19', 'nationality': 'England'}, {'id': 3331, 'name': 'Marcus Rashford', 'position': 'Offence', 'dateOfBirth': '1997-10-31', 'nationality': 'England'}, {'id': 3372, 'name': 'Anthony Martial', 'position': 'Offence', 'dateOfBirth': '1995-12-05', 'nationality': 'France'}, {'id': 97085, 'name': 'Antony', 'position': 'Offence', 'dateOfBirth': '2000-02-24', 'nationality': 'Brazil'}, {'id': 101075, 'name': 'Mason Greenwood', 'position': 'Offence', 'dateOfBirth': '2001-10-01', 'nationality': 'England'}, {'id': 122506, 'name': 'Facundo Pellistri', 'position': 'Offence', 'dateOfBirth': '2001-12-20', 'nationality': 'Uruguay'}, {'id': 133584, 'name': 'Amad Diallo', 'position': 'Offence', 'dateOfBirth': '2002-07-11', 'nationality': 'Ivory Coast'}, {'id': 152770, 'name': 'Rasmus Højlund', 'position': 'Offence', 'dateOfBirth': '2003-02-04', 'nationality': 'Denmark'}, {'id': 160846, 'name': 'Shola Shoretire', 'position': 'Offence', 'dateOfBirth': '2004-02-02', 'nationality': 'Nigeria'}, {'id': 217491, 'name': 'Daniel Gore', 'position': None, 'dateOfBirth': '2004-09-26', 'nationality': 'England'}, {'id': 181901, 'name': 'Alejandro Garnacho', 'position': 'Forward', 'dateOfBirth': '2004-07-01', 'nationality': 'Argentina'}, {'id': 9584, 'name': 'Erik ten Hag', 'position': None, 'dateOfBirth': '1970-02-02', 'nationality': 'Netherlands'}]",[],2022-02-10T19:27:46Z,2072,England,ENG,https://crests.football-data.org/770.svg,9584,Erik,ten Hag,Erik ten Hag,1970-02-02,Netherlands,2022-07,2025-06
8,8,67,Newcastle United FC,Newcastle,NEW,https://crests.football-data.org/67.png,Sports Direct Arena Newcastle upon Tyne NE1 4ST,http://www.nufc.co.uk,1881.0,Black / White,St. James' Park,"[{'id': 2021, 'name': 'Premier League', 'code': 'PL', 'type': 'LEAGUE', 'emblem': 'https://crests.football-data.org/PL.png'}, {'id': 2001, 'name': 'UEFA Champions League', 'code': 'CL', 'type': 'CUP', 'emblem': 'https://crests.football-data.org/CL.png'}]","[{'id': 3310, 'name': 'Nick Pope', 'position': 'Goalkeeper', 'dateOfBirth': '1992-04-19', 'nationality': 'England'}, {'id': 5048, 'name': 'Mark Gillespie', 'position': 'Goalkeeper', 'dateOfBirth': '1992-03-27', 'nationality': 'England'}, {'id': 7856, 'name': 'Loris Karius', 'position': 'Goalkeeper', 'dateOfBirth': '1993-06-22', 'nationality': 'Germany'}, {'id': 7914, 'name': 'Martin Dúbravka', 'position': 'Goalkeeper', 'dateOfBirth': '1989-01-15', 'nationality': 'Slovakia'}, {'id': 88, 'name': 'Fabian Schär', 'position': 'Defence', 'dateOfBirth': '1991-12-20', 'nationality': 'Switzerland'}, {'id': 1868, 'name': 'Emil Krafth', 'position': 'Defence', 'dateOfBirth': '1994-08-02', 'nationality': 'Sweden'}, {'id': 3312, 'name': 'Kieran Trippier', 'position': 'Defence', 'dateOfBirth': '1990-09-19', 'nationality': 'England'}, {'id': 3962, 'name': 'Matt Targett', 'position': 'Defence', 'dateOfBirth': '1995-09-18', 'nationality': 'England'}, {'id': 4870, 'name': 'Dan Burn', 'position': 'Defence', 'dateOfBirth': '1992-05-09', 'nationality': 'England'}, {'id': 7917, 'name': 'Paul Dummett', 'position': 'Defence', 'dateOfBirth': '1991-09-26', 'nationality': 'Wales'}, {'id': 7919, 'name': 'Jamaal Lascelles', 'position': 'Defence', 'dateOfBirth': '1993-11-11', 'nationality': 'England'}, {'id': 7928, 'name': 'Javier Manquillo', 'position': 'Defence', 'dateOfBirth': '1994-05-05', 'nationality': 'Spain'}, {'id': 7930, 'name': 'Matt Ritchie', 'position': 'Defence', 'dateOfBirth': '1989-09-10', 'nationality': 'Scotland'}, {'id': 81082, 'name': 'Sven Botman', 'position': 'Defence', 'dateOfBirth': '2000-01-12', 'nationality': 'Netherlands'}, {'id': 168712, 'name': 'Valentino Livramento', 'position': 'Defence', 'dateOfBirth': '2002-11-12', 'nationality': 'England'}, {'id': 1684, 'name': 'Bruno Guimarães', 'position': 'Midfield', 'dateOfBirth': '1997-11-16', 'nationality': 'Brazil'}, {'id': 2563, 'name': 'Sandro Tonali', 'position': 'Midfield', 'dateOfBirth': '2000-05-08', 'nationality': 'Italy'}, {'id': 4955, 'name': 'Sean Longstaff', 'position': 'Midfield', 'dateOfBirth': '1997-10-30', 'nationality': 'England'}, {'id': 6486, 'name': 'Alexander Isak', 'position': 'Midfield', 'dateOfBirth': '1999-09-21', 'nationality': 'Sweden'}, {'id': 7798, 'name': 'Joe Willock', 'position': 'Midfield', 'dateOfBirth': '1999-08-20', 'nationality': 'England'}, {'id': 7922, 'name': 'Isaac Hayden', 'position': 'Midfield', 'dateOfBirth': '1995-03-22', 'nationality': 'England'}, {'id': 7934, 'name': 'Jacob Murphy', 'position': 'Midfield', 'dateOfBirth': '1995-02-24', 'nationality': 'England'}, {'id': 8049, 'name': 'Jeff Hendrick', 'position': 'Midfield', 'dateOfBirth': '1992-01-31', 'nationality': 'Ireland'}, {'id': 8076, 'name': 'Harvey Barnes', 'position': 'Midfield', 'dateOfBirth': '1997-12-09', 'nationality': 'England'}, {'id': 8247, 'name': 'Ryan Fraser', 'position': 'Midfield', 'dateOfBirth': '1994-02-24', 'nationality': 'Scotland'}, {'id': 76861, 'name': 'Miguel Almirón', 'position': 'Midfield', 'dateOfBirth': '1994-02-10', 'nationality': 'Paraguay'}, {'id': 107330, 'name': 'Elliot Anderson', 'position': 'Midfield', 'dateOfBirth': '2002-11-06', 'nationality': 'Scotland'}, {'id': 7848, 'name': 'Anthony Gordon', 'position': 'Offence', 'dateOfBirth': '2001-02-24', 'nationality': 'England'}, {'id': 8251, 'name': 'Callum Wilson', 'position': 'Offence', 'dateOfBirth': '1992-02-27', 'nationality': 'England'}, {'id': 10653, 'name': 'Joelinton', 'position': 'Offence', 'dateOfBirth': '1996-08-14', 'nationality': 'Brazil'}, {'id': 191939, 'name': 'Lewis Miley', 'position': 'Offence', 'dateOfBirth': '2006-05-01', 'nationality': 'England'}, {'id': 11594, 'name': 'Eddie Howe', 'position': None, 'dateOfBirth': '1977-11-29', 'nationality': 'England'}]",[],2022-09-28T18:51:07Z,2072,England,ENG,https://crests.football-data.org/770.svg,11594,Eddie,Howe,Eddie Howe,1977-11-29,England,2021-11,2024-06
9,9,73,Tottenham Hotspur FC,Tottenham,TOT,https://crests.football-data.org/73.svg,"Bill Nicholson Way, 748 High Road London N17 0AP",http://www.tottenhamhotspur.com,1882.0,Navy Blue / White,Tottenham Hotspur Stadium,"[{'id': 2021, 'name': 'Premier League', 'code': 'PL', 'type': 'LEAGUE', 'emblem': 'https://crests.football-data.org/PL.png'}, {'id': 2139, 'name': 'Football League Cup', 'code': 'FLC', 'type': 'CUP', 'emblem': 'https://crests.football-data.org/FLC.png'}]","[{'id': 3086, 'name': 'Guglielmo Vicario', 'position': 'Goalkeeper', 'dateOfBirth': '1996-10-07', 'nationality': 'Italy'}, {'id': 3355, 'name': 'Hugo Lloris', 'position': 'Goalkeeper', 'dateOfBirth': '1986-12-26', 'nationality': 'France'}, {'id': 7992, 'name': 'Alfie Whiteman', 'position': 'Goalkeeper', 'dateOfBirth': '1998-10-02', 'nationality': 'England'}, {'id': 8079, 'name': 'Fraser Forster', 'position': 'Goalkeeper', 'dateOfBirth': '1988-03-17', 'nationality': 'England'}, {'id': 133229, 'name': 'Brandon Austin', 'position': 'Goalkeeper', 'dateOfBirth': '1999-01-08', 'nationality': 'England'}, {'id': 1131, 'name': 'Emerson Royal', 'position': 'Defence', 'dateOfBirth': '1999-01-14', 'nationality': 'Brazil'}, {'id': 3314, 'name': 'Eric Dier', 'position': 'Defence', 'dateOfBirth': '1994-01-15', 'nationality': 'England'}, {'id': 3733, 'name': 'Davinson Sánchez', 'position': 'Defence', 'dateOfBirth': '1996-06-12', 'nationality': 'Colombia'}, {'id': 7994, 'name': 'Ben Davies', 'position': 'Defence', 'dateOfBirth': '1993-04-24', 'nationality': 'Wales'}, {'id': 51116, 'name': 'Reguilón', 'position': 'Defence', 'dateOfBirth': '1996-12-16', 'nationality': 'Spain'}, {'id': 80775, 'name': 'Djed Spence', 'position': 'Defence', 'dateOfBirth': '2000-08-09', 'nationality': 'England'}, {'id': 81037, 'name': 'Pedro Porro', 'position': 'Defence', 'dateOfBirth': '1999-09-13', 'nationality': 'Spain'}, {'id': 131037, 'name': 'Japhet Tanganga', 'position': 'Defence', 'dateOfBirth': '1999-03-31', 'nationality': 'England'}, {'id': 169310, 'name': 'Cristian Romero', 'position': 'Defence', 'dateOfBirth': '1998-04-27', 'nationality': 'Argentina'}, {'id': 170378, 'name': 'Destiny Udogie', 'position': 'Defence', 'dateOfBirth': '2002-11-28', 'nationality': 'Italy'}, {'id': 171432, 'name': 'Micky van de Ven', 'position': 'Defence', 'dateOfBirth': '2001-04-19', 'nationality': 'Netherlands'}, {'id': 176838, 'name': 'Ashley Phillips', 'position': 'Defence', 'dateOfBirth': '2005-06-26', 'nationality': 'England'}, {'id': 2004, 'name': 'Ivan Perišić', 'position': 'Midfield', 'dateOfBirth': '1989-02-02', 'nationality': 'Croatia'}, {'id': 2041, 'name': 'Rodrigo Bentancur', 'position': 'Midfield', 'dateOfBirth': '1997-06-25', 'nationality': 'Uruguay'}, {'id': 3216, 'name': 'Giovani Lo Celso', 'position': 'Midfield', 'dateOfBirth': '1996-04-09', 'nationality': 'Argentina'}, {'id': 3959, 'name': 'Ryan Sessegnon', 'position': 'Midfield', 'dateOfBirth': '2000-05-18', 'nationality': 'England'}, {'id': 3992, 'name': 'James Maddison', 'position': 'Midfield', 'dateOfBirth': '1996-11-23', 'nationality': 'England'}, {'id': 8093, 'name': 'Pierre Emile Højbjerg', 'position': 'Midfield', 'dateOfBirth': '1995-08-05', 'nationality': 'Denmark'}, {'id': 8410, 'name': 'Yves Bissouma', 'position': 'Midfield', 'dateOfBirth': '1996-08-30', 'nationality': 'Mali'}, {'id': 8469, 'name': 'Tanguy Ndombèlé', 'position': 'Midfield', 'dateOfBirth': '1996-12-28', 'nationality': 'France'}, {'id': 96974, 'name': 'Oliver Skipp', 'position': 'Midfield', 'dateOfBirth': '2000-09-16', 'nationality': 'England'}, {'id': 170281, 'name': 'Heung-min Son', 'position': 'Midfield', 'dateOfBirth': '1992-07-08', 'nationality': 'South Korea'}, {'id': 170391, 'name': 'Pape Sarr', 'position': 'Midfield', 'dateOfBirth': '2002-09-14', 'nationality': 'Senegal'}, {'id': 1859, 'name': 'Dejan Kulusevski', 'position': 'Offence', 'dateOfBirth': '2000-04-25', 'nationality': 'Sweden'}, {'id': 8133, 'name': 'Richarlison', 'position': 'Offence', 'dateOfBirth': '1997-05-10', 'nationality': 'Brazil'}, {'id': 40541, 'name': 'Manor Solomon', 'position': 'Offence', 'dateOfBirth': '1999-07-24', 'nationality': 'Israel'}, {'id': 101912, 'name': 'Bryan', 'position': 'Offence', 'dateOfBirth': '2001-02-11', 'nationality': 'Spain'}, {'id': 170962, 'name': 'Alejo Veliz', 'position': 'Offence', 'dateOfBirth': '2003-09-19', 'nationality': 'Argentina'}, {'id': 180859, 'name': 'Ange Postecoglou', 'position': None, 'dateOfBirth': '1965-08-27', 'nationality': 'Australia'}]",[],2020-11-20T07:12:32Z,2072,England,ENG,https://crests.football-data.org/770.svg,180859,Ange,Postecoglou,Ange Postecoglou,1965-08-27,Australia,2023-07,2027-06
10,10,76,Wolverhampton Wanderers FC,Wolverhampton,WOL,https://crests.football-data.org/76.svg,Waterloo Road Wolverhampton WV1 4QR,http://www.wolves.co.uk,1877.0,Black / Gold,Molineux Stadium,"[{'id': 2021, 'name': 'Premier League', 'code': 'PL', 'type': 'LEAGUE', 'emblem': 'https://crests.football-data.org/PL.png'}, {'id': 2139, 'name': 'Football League Cup', 'code': 'FLC', 'type': 'CUP', 'emblem': 'https://crests.football-data.org/FLC.png'}]","[{'id': 4418, 'name': 'Daniel Bentley', 'position': 'Goalkeeper', 'dateOfBirth': '1993-07-13', 'nationality': 'England'}, {'id': 6180, 'name': 'Thomas King', 'position': 'Goalkeeper', 'dateOfBirth': '1995-03-09', 'nationality': 'Wales'}, {'id': 15899, 'name': 'José Sá', 'position': 'Goalkeeper', 'dateOfBirth': '1993-01-17', 'nationality': 'Portugal'}, {'id': 4081, 'name': 'Matt Doherty', 'position': 'Defence', 'dateOfBirth': '1992-01-16', 'nationality': 'Ireland'}, {'id': 8012, 'name': 'Craig Dawson', 'position': 'Defence', 'dateOfBirth': '1990-05-06', 'nationality': 'England'}, {'id': 8642, 'name': 'Rayan Aït Nouri', 'position': 'Defence', 'dateOfBirth': '2001-06-06', 'nationality': 'France'}, {'id': 15862, 'name': 'Nélson Semedo', 'position': 'Defence', 'dateOfBirth': '1993-11-16', 'nationality': 'Portugal'}, {'id': 25376, 'name': 'Max Kilman', 'position': 'Defence', 'dateOfBirth': '1997-05-23', 'nationality': 'England'}, {'id': 33622, 'name': 'Jonny Castro', 'position': 'Defence', 'dateOfBirth': '1994-03-03', 'nationality': 'Spain'}, {'id': 63262, 'name': 'Bendegúz Bolla', 'position': 'Defence', 'dateOfBirth': '1999-11-22', 'nationality': 'Hungary'}, {'id': 102223, 'name': 'Toti Gomes', 'position': 'Defence', 'dateOfBirth': '1999-01-16', 'nationality': 'Portugal'}, {'id': 157709, 'name': 'Hugo Bueno', 'position': 'Defence', 'dateOfBirth': '2002-09-18', 'nationality': 'Spain'}, {'id': 2073, 'name': 'Bruno Jordão', 'position': 'Midfield', 'dateOfBirth': '1998-10-12', 'nationality': 'Portugal'}, {'id': 8097, 'name': 'Mario Lemina', 'position': 'Midfield', 'dateOfBirth': '1993-09-01', 'nationality': 'Gabon'}, {'id': 91512, 'name': 'Matheus Nunes', 'position': 'Midfield', 'dateOfBirth': '1998-08-27', 'nationality': 'Portugal'}, {'id': 133553, 'name': 'Boubacar Traoré', 'position': 'Midfield', 'dateOfBirth': '2001-08-20', 'nationality': 'Mali'}, {'id': 138034, 'name': 'João Gomes', 'position': 'Midfield', 'dateOfBirth': '2001-02-12', 'nationality': 'Brazil'}, {'id': 188926, 'name': 'Joe Hodge', 'position': 'Midfield', 'dateOfBirth': '2004-06-05', 'nationality': 'Ireland'}, {'id': 74, 'name': 'Pablo Sarabia', 'position': 'Offence', 'dateOfBirth': '1992-05-11', 'nationality': 'Spain'}, {'id': 2074, 'name': 'Pedro Neto', 'position': 'Offence', 'dateOfBirth': '2000-03-09', 'nationality': 'Portugal'}, {'id': 3259, 'name': 'Gonçalo Guedes', 'position': 'Offence', 'dateOfBirth': '1996-11-29', 'nationality': 'Portugal'}, {'id': 3354, 'name': 'Hwang Heechan', 'position': 'Offence', 'dateOfBirth': '1996-01-26', 'nationality': 'South Korea'}, {'id': 10761, 'name': 'Saša Kalajdžić', 'position': 'Offence', 'dateOfBirth': '1997-07-07', 'nationality': 'Austria'}, {'id': 15890, 'name': 'Daniel Podence', 'position': 'Offence', 'dateOfBirth': '1995-10-21', 'nationality': 'Portugal'}, {'id': 30842, 'name': 'Matheus Cunha', 'position': 'Offence', 'dateOfBirth': '1999-05-27', 'nationality': 'Brazil'}, {'id': 125151, 'name': 'Fábio Silva', 'position': 'Offence', 'dateOfBirth': '2002-07-19', 'nationality': 'Portugal'}, {'id': 10180, 'name': 'Julen Lopetegui', 'position': 'null', 'dateOfBirth': '1966-08-28', 'nationality': 'Spain'}]",[],2021-04-09T02:25:24Z,2072,England,ENG,https://crests.football-data.org/770.svg,10180,Julen,Lopetegui,Julen Lopetegui,1966-08-28,Spain,2022-11,2024-06
11,11,328,Burnley FC,Burnley,BUR,https://crests.football-data.org/328.png,Harry Potts Way Burnley BB10 4BX,http://www.burnleyfootballclub.com,1881.0,Claret / Sky Blue,Turf Moor,"[{'id': 2021, 'name': 'Premier League', 'code': 'PL', 'type': 'LEAGUE', 'emblem': 'https://crests.football-data.org/PL.png'}, {'id': 2139, 'name': 'Football League Cup', 'code': 'FLC', 'type': 'CUP', 'emblem': 'https://crests.football-data.org/FLC.png'}]","[{'id': 37144, 'name': 'Lawrence Vigouroux', 'position': 'Goalkeeper', 'dateOfBirth': '1993-11-19', 'nationality': 'Chile'}, {'id': 81179, 'name': 'Arijanet Muric', 'position': 'Goalkeeper', 'dateOfBirth': '1998-11-07', 'nationality': 'Kosovo'}, {'id': 153874, 'name': 'James Trafford', 'position': 'Goalkeeper', 'dateOfBirth': '2002-10-10', 'nationality': 'England'}, {'id': 160444, 'name': 'Denis Franchi', 'position': 'Goalkeeper', 'dateOfBirth': '2002-10-22', 'nationality': 'Italy'}, {'id': 1239, 'name': 'Vitinho', 'position': 'Defence', 'dateOfBirth': '1999-07-23', 'nationality': 'Brazil'}, {'id': 6678, 'name': 'Louis Beyer', 'position': 'Defence', 'dateOfBirth': '2000-05-19', 'nationality': 'Germany'}, {'id': 7980, 'name': 'Connor Roberts', 'position': 'Defence', 'dateOfBirth': '1995-09-23', 'nationality': 'Wales'}, {'id': 8043, 'name': 'Charlie Taylor', 'position': 'Defence', 'dateOfBirth': '1993-09-18', 'nationality': 'England'}, {'id': 25650, 'name': ""Dara O'Shea"", 'position': 'Defence', 'dateOfBirth': '1999-03-04', 'nationality': 'Ireland'}, {'id': 31560, 'name': 'Hjalmar Ekdal', 'position': 'Defence', 'dateOfBirth': '1998-10-21', 'nationality': 'Sweden'}, {'id': 179721, 'name': 'CJ Egan-Riley', 'position': 'Defence', 'dateOfBirth': '2003-01-02', 'nationality': 'England'}, {'id': 191405, 'name': 'Ameen Al-Dakhil', 'position': 'Defence', 'dateOfBirth': '2002-03-06', 'nationality': 'Belgium'}, {'id': 1948, 'name': 'Samuel Bastien', 'position': 'Midfield', 'dateOfBirth': '1996-09-26', 'nationality': 'DR Congo'}, {'id': 3839, 'name': 'Jóhann Berg Guðmundsson', 'position': 'Midfield', 'dateOfBirth': '1990-10-27', 'nationality': 'Iceland'}, {'id': 4401, 'name': 'Josh Brownhill', 'position': 'Midfield', 'dateOfBirth': '1995-12-19', 'nationality': 'England'}, {'id': 5812, 'name': 'Scott Twine', 'position': 'Midfield', 'dateOfBirth': '1999-07-14', 'nationality': 'England'}, {'id': 8051, 'name': 'Jack Cork', 'position': 'Midfield', 'dateOfBirth': '1989-06-25', 'nationality': 'England'}, {'id': 8092, 'name': 'Nathan Redmond', 'position': 'Midfield', 'dateOfBirth': '1994-03-06', 'nationality': 'England'}, {'id': 8217, 'name': 'Josh Cullen', 'position': 'Midfield', 'dateOfBirth': '1996-04-07', 'nationality': 'Ireland'}, {'id': 8973, 'name': 'Sander Berge', 'position': 'Midfield', 'dateOfBirth': '1998-02-14', 'nationality': 'Norway'}, {'id': 8976, 'name': 'Benson Manuel', 'position': 'Midfield', 'dateOfBirth': '1997-03-28', 'nationality': 'Belgium'}, {'id': 9405, 'name': 'Jacob Bruun Larsen', 'position': 'Midfield', 'dateOfBirth': '1998-09-19', 'nationality': 'Denmark'}, {'id': 94916, 'name': 'Darko Churlinov', 'position': 'Midfield', 'dateOfBirth': '2000-07-11', 'nationality': 'North Macedonia'}, {'id': 122313, 'name': 'Zeki Amdouni', 'position': 'Midfield', 'dateOfBirth': '2000-12-04', 'nationality': 'Switzerland'}, {'id': 184999, 'name': 'Wilson Odobert', 'position': 'Midfield', 'dateOfBirth': '2004-11-28', 'nationality': 'France'}, {'id': 192680, 'name': 'Enock Agyei', 'position': 'Midfield', 'dateOfBirth': '2005-01-13', 'nationality': 'Belgium'}, {'id': 8032, 'name': 'Jay Rodriguez', 'position': 'Offence', 'dateOfBirth': '1989-07-29', 'nationality': 'England'}, {'id': 8102, 'name': 'Michael Obafemi', 'position': 'Offence', 'dateOfBirth': '2000-07-06', 'nationality': 'Ireland'}, {'id': 34760, 'name': 'Lyle Foster', 'position': 'Offence', 'dateOfBirth': '2000-09-04', 'nationality': 'South Africa'}, {'id': 124275, 'name': 'Anass Zaroury', 'position': 'Offence', 'dateOfBirth': '2000-11-07', 'nationality': 'Morocco'}, {'id': 3644, 'name': 'Vincent Kompany', 'position': 'Defender', 'dateOfBirth': '1986-04-10', 'nationality': 'Belgium'}, {'id': 182267, 'name': 'Luca Koleosho', 'position': 'Midfielder', 'dateOfBirth': '2004-09-15', 'nationality': 'USA'}, {'id': 181947, 'name': 'Dara Costelloe', 'position': 'Midfielder', 'dateOfBirth': '2002-12-11', 'nationality': 'Ireland'}]",[],2022-02-10T19:24:11Z,2072,England,ENG,https://crests.football-data.org/770.svg,3644,Vincent,Kompany,Vincent Kompany,1986-04-10,Belgium,2022-07,2028-06
12,12,351,Nottingham Forest FC,Nottingham,NOT,https://crests.football-data.org/351.png,"Pavilion Road, West Bridgeford Nottingham NG2 5GJ",http://www.nottinghamforest.co.uk,1865.0,Red / White,The City Ground,"[{'id': 2021, 'name': 'Premier League', 'code': 'PL', 'type': 'LEAGUE', 'emblem': 'https://crests.football-data.org/PL.png'}, {'id': 2139, 'name': 'Football League Cup', 'code': 'FLC', 'type': 'CUP', 'emblem': 'https://crests.football-data.org/FLC.png'}]","[{'id': 8137, 'name': 'Wayne Hennessey', 'position': 'Goalkeeper', 'dateOfBirth': '1987-01-24', 'nationality': 'Wales'}, {'id': 8866, 'name': 'Ethan Horvath', 'position': 'Goalkeeper', 'dateOfBirth': '1995-06-09', 'nationality': 'USA'}, {'id': 76936, 'name': 'Matt Turner', 'position': 'Goalkeeper', 'dateOfBirth': '1994-06-24', 'nationality': 'USA'}, {'id': 3386, 'name': 'Ola Aina', 'position': 'Defence', 'dateOfBirth': '1996-10-08', 'nationality': 'Nigeria'}, {'id': 4086, 'name': 'Willy Boly', 'position': 'Defence', 'dateOfBirth': '1991-02-03', 'nationality': 'Ivory Coast'}, {'id': 4266, 'name': 'Omar Richards', 'position': 'Defence', 'dateOfBirth': '1998-02-15', 'nationality': 'England'}, {'id': 4376, 'name': 'Harry Toffolo', 'position': 'Defence', 'dateOfBirth': '1995-08-19', 'nationality': 'England'}, {'id': 5435, 'name': 'Ryan Yates', 'position': 'Defence', 'dateOfBirth': '1997-11-21', 'nationality': 'England'}, {'id': 7997, 'name': 'Serge Aurier', 'position': 'Defence', 'dateOfBirth': '1992-12-24', 'nationality': 'Ivory Coast'}, {'id': 8723, 'name': 'Moussa Niakhaté', 'position': 'Defence', 'dateOfBirth': '1996-03-08', 'nationality': 'France'}, {'id': 9493, 'name': 'Mohamed Dräger', 'position': 'Defence', 'dateOfBirth': '1996-06-25', 'nationality': 'Tunisia'}, {'id': 11298, 'name': 'Joe Worrall', 'position': 'Defence', 'dateOfBirth': '1997-01-10', 'nationality': 'England'}, {'id': 15903, 'name': 'Felipe', 'position': 'Defence', 'dateOfBirth': '1989-05-16', 'nationality': 'Brazil'}, {'id': 34486, 'name': 'Scott McKenna', 'position': 'Defence', 'dateOfBirth': '1996-11-12', 'nationality': 'Scotland'}, {'id': 98870, 'name': 'Jonathan Panzo', 'position': 'Defence', 'dateOfBirth': '2000-10-25', 'nationality': 'England'}, {'id': 99805, 'name': 'Giulian Biancone', 'position': 'Defence', 'dateOfBirth': '2000-03-31', 'nationality': 'France'}, {'id': 117957, 'name': 'Loïc Mbe Soh', 'position': 'Defence', 'dateOfBirth': '2001-06-13', 'nationality': 'France'}, {'id': 133765, 'name': 'Neco Williams', 'position': 'Defence', 'dateOfBirth': '2001-04-13', 'nationality': 'Wales'}, {'id': 1841, 'name': 'Remo Freuler', 'position': 'Midfield', 'dateOfBirth': '1992-04-15', 'nationality': 'Switzerland'}, {'id': 3618, 'name': 'Cheikhou Kouyaté', 'position': 'Midfield', 'dateOfBirth': '1989-12-21', 'nationality': 'Senegal'}, {'id': 4091, 'name': 'Morgan Gibbs-White', 'position': 'Midfield', 'dateOfBirth': '2000-01-27', 'nationality': 'England'}, {'id': 7929, 'name': 'Jonjo Shelvey', 'position': 'Midfield', 'dateOfBirth': '1992-02-27', 'nationality': 'England'}, {'id': 8188, 'name': ""Lewis O'Brien"", 'position': 'Midfield', 'dateOfBirth': '1998-10-14', 'nationality': 'England'}, {'id': 8244, 'name': 'Harry Arter', 'position': 'Midfield', 'dateOfBirth': '1989-12-28', 'nationality': 'Ireland'}, {'id': 9398, 'name': 'Orel Mangala', 'position': 'Midfield', 'dateOfBirth': '1998-03-18', 'nationality': 'Belgium'}, {'id': 72781, 'name': 'Gustavo Scarpa', 'position': 'Midfield', 'dateOfBirth': '1994-01-05', 'nationality': 'Brazil'}, {'id': 124694, 'name': 'Brennan Johnson', 'position': 'Midfield', 'dateOfBirth': '2001-05-23', 'nationality': 'Wales'}, {'id': 149704, 'name': 'Danilo dos Santos de Oliveira', 'position': 'Midfield', 'dateOfBirth': '2001-04-29', 'nationality': 'Brazil'}, {'id': 166376, 'name': 'Anthony Elanga', 'position': 'Midfield', 'dateOfBirth': '2002-04-27', 'nationality': 'Sweden'}, {'id': 185179, 'name': 'Brandon Aguilera', 'position': 'Midfield', 'dateOfBirth': '2003-06-28', 'nationality': 'Costa Rica'}, {'id': 8057, 'name': 'Chris Wood', 'position': 'Offence', 'dateOfBirth': '1991-12-07', 'nationality': 'New Zealand'}, {'id': 8894, 'name': 'Emmanuel Dennis', 'position': 'Offence', 'dateOfBirth': '1997-11-15', 'nationality': 'Nigeria'}, {'id': 9218, 'name': 'Taiwo Awoniyi', 'position': 'Offence', 'dateOfBirth': '1997-08-12', 'nationality': 'Nigeria'}, {'id': 125993, 'name': 'Alexander Mighten', 'position': 'Offence', 'dateOfBirth': '2002-04-11', 'nationality': 'England'}, {'id': 170424, 'name': 'Ui-jo Hwang', 'position': 'Offence', 'dateOfBirth': '1992-08-28', 'nationality': 'South Korea'}, {'id': 120149, 'name': 'Steve Cooper', 'position': None, 'dateOfBirth': '1979-12-10', 'nationality': 'Wales'}]",[],2022-07-26T17:53:21Z,2072,England,ENG,https://crests.football-data.org/770.svg,120149,Steve,Cooper,Steve Cooper,1979-12-10,Wales,2021-09,2025-06
13,13,354,Crystal Palace FC,Crystal Palace,CRY,https://crests.football-data.org/354.png,Whitehorse Lane London SE25 6PU,http://www.cpfc.co.uk,1905.0,Red / Blue,Selhurst Park,"[{'id': 2021, 'name': 'Premier League', 'code': 'PL', 'type': 'LEAGUE', 'emblem': 'https://crests.football-data.org/PL.png'}, {'id': 2139, 'name': 'Football League Cup', 'code': 'FLC', 'type': 'CUP', 'emblem': 'https://crests.football-data.org/FLC.png'}]","[{'id': 3121, 'name': 'Vicente Guaita', 'position': 'Goalkeeper', 'dateOfBirth': '1987-01-10', 'nationality': 'Spain'}, {'id': 3884, 'name': 'Sam Johnstone', 'position': 'Goalkeeper', 'dateOfBirth': '1993-03-25', 'nationality': 'England'}, {'id': 6413, 'name': 'Remi Matthews', 'position': 'Goalkeeper', 'dateOfBirth': '1994-02-10', 'nationality': 'England'}, {'id': 187229, 'name': 'Joe Whitworth', 'position': 'Goalkeeper', 'dateOfBirth': '2004-02-29', 'nationality': 'England'}, {'id': 2253, 'name': 'Joachim Andersen', 'position': 'Defence', 'dateOfBirth': '1996-05-31', 'nationality': 'Denmark'}, {'id': 7863, 'name': 'Nathaniel Clyne', 'position': 'Defence', 'dateOfBirth': '1991-04-05', 'nationality': 'England'}, {'id': 8029, 'name': 'Nathan Ferguson', 'position': 'Defence', 'dateOfBirth': '2000-10-06', 'nationality': 'England'}, {'id': 8141, 'name': 'Joel Ward', 'position': 'Defence', 'dateOfBirth': '1989-10-29', 'nationality': 'England'}, {'id': 8144, 'name': 'James Tomkins', 'position': 'Defence', 'dateOfBirth': '1989-03-29', 'nationality': 'England'}, {'id': 8145, 'name': 'Jeffrey Schlupp', 'position': 'Defence', 'dateOfBirth': '1992-12-23', 'nationality': 'Ghana'}, {'id': 8147, 'name': 'Jaïro Riedewald', 'position': 'Defence', 'dateOfBirth': '1996-09-09', 'nationality': 'Netherlands'}, {'id': 99856, 'name': 'Chris Richards', 'position': 'Defence', 'dateOfBirth': '2000-03-28', 'nationality': 'USA'}, {'id': 118489, 'name': 'Marc Guéhi', 'position': 'Defence', 'dateOfBirth': '2000-07-13', 'nationality': 'England'}, {'id': 137068, 'name': 'Tyrick Mitchell', 'position': 'Defence', 'dateOfBirth': '1999-09-01', 'nationality': 'England'}, {'id': 3737, 'name': 'Jefferson Lerma', 'position': 'Midfield', 'dateOfBirth': '1994-10-25', 'nationality': 'Colombia'}, {'id': 4032, 'name': 'Eberechi Eze', 'position': 'Midfield', 'dateOfBirth': '1998-06-29', 'nationality': 'England'}, {'id': 8124, 'name': 'Will Hughes', 'position': 'Midfield', 'dateOfBirth': '1995-04-17', 'nationality': 'England'}, {'id': 74677, 'name': 'Cheick Doucouré', 'position': 'Midfield', 'dateOfBirth': '2000-01-08', 'nationality': 'Mali'}, {'id': 113765, 'name': 'Michael Olise', 'position': 'Midfield', 'dateOfBirth': '2001-12-12', 'nationality': 'France'}, {'id': 131752, 'name': 'Naouirou Ahamada', 'position': 'Midfield', 'dateOfBirth': '2002-03-29', 'nationality': 'France'}, {'id': 177250, 'name': 'Malcolm Ebiowei', 'position': 'Midfield', 'dateOfBirth': '2003-09-04', 'nationality': 'England'}, {'id': 179712, 'name': 'Jesurun Rak-Sakyi', 'position': 'Midfield', 'dateOfBirth': '2002-10-05', 'nationality': 'England'}, {'id': 641, 'name': 'Jean-Philippe Mateta', 'position': 'Offence', 'dateOfBirth': '1997-06-28', 'nationality': 'France'}, {'id': 7984, 'name': 'Jordan Ayew', 'position': 'Offence', 'dateOfBirth': '1991-09-11', 'nationality': 'Ghana'}, {'id': 16077, 'name': 'Odsonne Edouard', 'position': 'Offence', 'dateOfBirth': '1998-01-16', 'nationality': 'France'}, {'id': 176241, 'name': 'Matheus Franca', 'position': 'Offence', 'dateOfBirth': '2004-04-01', 'nationality': 'Brazil'}, {'id': 11628, 'name': 'Roy Hodgson', 'position': None, 'dateOfBirth': '1947-08-09', 'nationality': 'England'}]",[],2022-02-10T19:22:36Z,2072,England,ENG,https://crests.football-data.org/770.svg,11628,Roy,Hodgson,Roy Hodgson,1947-08-09,England,2023-03,2024-06
14,14,356,Sheffield United FC,Sheffield Utd,SHE,https://crests.football-data.org/356.svg,"Bramall Lane Sheffield, Yorkshire S2 4SU",http://www.sufc.co.uk,0.0,Red / White / Black,Bramall Lane,"[{'id': 2021, 'name': 'Premier League', 'code': 'PL', 'type': 'LEAGUE', 'emblem': 'https://crests.football-data.org/PL.png'}, {'id': 2139, 'name': 'Football League Cup', 'code': 'FLC', 'type': 'CUP', 'emblem': 'https://crests.football-data.org/FLC.png'}]","[{'id': 4327, 'name': 'Adam Davies', 'position': 'Goalkeeper', 'dateOfBirth': '1992-07-17', 'nationality': 'Wales'}, {'id': 34907, 'name': 'Wesley Foderingham', 'position': 'Goalkeeper', 'dateOfBirth': '1991-01-14', 'nationality': 'England'}, {'id': 186507, 'name': 'Jordan Amissah', 'position': 'Goalkeeper', 'dateOfBirth': '2001-08-02', 'nationality': 'Germany'}, {'id': 4013, 'name': 'Jack Robinson', 'position': 'Defence', 'dateOfBirth': '1993-09-01', 'nationality': 'England'}, {'id': 4184, 'name': 'Jayden Bogle', 'position': 'Defence', 'dateOfBirth': '2000-07-27', 'nationality': 'England'}, {'id': 4295, 'name': 'Chris Basham', 'position': 'Defence', 'dateOfBirth': '1988-07-20', 'nationality': 'England'}, {'id': 4305, 'name': 'Rhys Norrington-Davies', 'position': 'Defence', 'dateOfBirth': '1999-04-22', 'nationality': 'Wales'}, {'id': 4313, 'name': 'George Baldock', 'position': 'Defence', 'dateOfBirth': '1993-03-09', 'nationality': 'Greece'}, {'id': 4425, 'name': 'John Egan', 'position': 'Defence', 'dateOfBirth': '1992-10-20', 'nationality': 'Ireland'}, {'id': 5469, 'name': 'Max Lowe', 'position': 'Defence', 'dateOfBirth': '1997-05-11', 'nationality': 'England'}, {'id': 25615, 'name': 'Anel Ahmedhodzic', 'position': 'Defence', 'dateOfBirth': '1999-03-26', 'nationality': 'Bosnia-Herzegovina'}, {'id': 77185, 'name': 'Auston Trusty', 'position': 'Defence', 'dateOfBirth': '1998-08-12', 'nationality': 'USA'}, {'id': 133766, 'name': 'Yasser Larouci', 'position': 'Defence', 'dateOfBirth': '2001-01-01', 'nationality': 'France'}, {'id': 3972, 'name': 'Oliver Norwood', 'position': 'Midfield', 'dateOfBirth': '1991-04-12', 'nationality': 'Northern Ireland'}, {'id': 4307, 'name': 'John Fleck', 'position': 'Midfield', 'dateOfBirth': '1991-08-24', 'nationality': 'Scotland'}, {'id': 9623, 'name': 'Gustavo Hamer', 'position': 'Midfield', 'dateOfBirth': '1997-06-24', 'nationality': 'Netherlands'}, {'id': 11296, 'name': 'Ben Osborn', 'position': 'Midfield', 'dateOfBirth': '1994-08-05', 'nationality': 'England'}, {'id': 115078, 'name': 'Vinícius Souza', 'position': 'Midfield', 'dateOfBirth': '1999-06-17', 'nationality': 'Brazil'}, {'id': 141826, 'name': 'Anis Ben Slimane', 'position': 'Midfield', 'dateOfBirth': '2001-03-16', 'nationality': 'Tunisia'}, {'id': 180640, 'name': 'Bénie Traoré', 'position': 'Midfield', 'dateOfBirth': '2002-11-30', 'nationality': 'Ivory Coast'}, {'id': 184964, 'name': 'Ismaila Coulibaly', 'position': 'Midfield', 'dateOfBirth': '2000-12-25', 'nationality': 'Mali'}, {'id': 4359, 'name': 'Oliver McBurnie', 'position': 'Offence', 'dateOfBirth': '1996-06-04', 'nationality': 'Scotland'}, {'id': 7877, 'name': 'Rhian Brewster', 'position': 'Offence', 'dateOfBirth': '2000-04-01', 'nationality': 'England'}, {'id': 169191, 'name': 'Daniel Jebbison', 'position': 'Offence', 'dateOfBirth': '2003-07-11', 'nationality': 'England'}, {'id': 169324, 'name': 'William Osula', 'position': 'Offence', 'dateOfBirth': '2003-08-04', 'nationality': 'England'}, {'id': 11386, 'name': 'Paul Heckingbottom', 'position': None, 'dateOfBirth': '1977-07-17', 'nationality': 'England'}]",[],2020-11-26T02:14:35Z,2072,England,ENG,https://crests.football-data.org/770.svg,11386,Paul,Heckingbottom,Paul Heckingbottom,1977-07-17,England,2021-11,2026-06
15,15,389,Luton Town FC,Luton Town,LUT,https://crests.football-data.org/389.png,1 Maple Road Luton LU4 8AW,http://www.lutontown.co.uk,1885.0,White / Navy Blue / Orange,Kenilworth Road Stadium,"[{'id': 2021, 'name': 'Premier League', 'code': 'PL', 'type': 'LEAGUE', 'emblem': 'https://crests.football-data.org/PL.png'}, {'id': 2139, 'name': 'Football League Cup', 'code': 'FLC', 'type': 'CUP', 'emblem': 'https://crests.football-data.org/FLC.png'}]","[{'id': 5597, 'name': 'James Shea', 'position': 'Goalkeeper', 'dateOfBirth': '1991-06-16', 'nationality': 'England'}, {'id': 7779, 'name': 'Matt Macey', 'position': 'Goalkeeper', 'dateOfBirth': '1994-09-09', 'nationality': 'England'}, {'id': 8991, 'name': 'Thomas Kamiński', 'position': 'Goalkeeper', 'dateOfBirth': '1992-10-23', 'nationality': 'Belgium'}, {'id': 3928, 'name': 'Reece Burke', 'position': 'Defence', 'dateOfBirth': '1996-09-02', 'nationality': 'England'}, {'id': 4842, 'name': ""Amari'i Bell"", 'position': 'Defence', 'dateOfBirth': '1994-05-05', 'nationality': 'Jamaica'}, {'id': 5123, 'name': 'Tom Lockyer', 'position': 'Defence', 'dateOfBirth': '1994-12-03', 'nationality': 'Wales'}, {'id': 5600, 'name': 'Daniel Potts', 'position': 'Defence', 'dateOfBirth': '1994-04-13', 'nationality': 'England'}, {'id': 5602, 'name': 'Glen Rea', 'position': 'Defence', 'dateOfBirth': '1994-09-03', 'nationality': 'Ireland'}, {'id': 24058, 'name': 'Mads Juel Andersen', 'position': 'Defence', 'dateOfBirth': '1997-12-27', 'nationality': 'Denmark'}, {'id': 46751, 'name': 'Gabriel Osho', 'position': 'Defence', 'dateOfBirth': '1998-08-14', 'nationality': 'England'}, {'id': 80781, 'name': 'Alfie Doughty', 'position': 'Defence', 'dateOfBirth': '1999-12-21', 'nationality': 'England'}, {'id': 82148, 'name': 'Ryan John Giles', 'position': 'Defence', 'dateOfBirth': '2000-01-26', 'nationality': 'England'}, {'id': 123574, 'name': 'Issa Kaboré', 'position': 'Defence', 'dateOfBirth': '2001-05-12', 'nationality': 'Burkina Faso'}, {'id': 4035, 'name': 'Luke Freeman', 'position': 'Midfield', 'dateOfBirth': '1992-03-22', 'nationality': 'England'}, {'id': 4440, 'name': 'Chiedozie Ogbene', 'position': 'Midfield', 'dateOfBirth': '1997-05-01', 'nationality': 'Ireland'}, {'id': 5623, 'name': 'Luke Berry', 'position': 'Midfield', 'dateOfBirth': '1992-07-12', 'nationality': 'England'}, {'id': 7817, 'name': 'Ross Barkley', 'position': 'Midfield', 'dateOfBirth': '1993-12-05', 'nationality': 'England'}, {'id': 8123, 'name': 'Dion Pereira', 'position': 'Midfield', 'dateOfBirth': '1999-03-25', 'nationality': 'England'}, {'id': 8885, 'name': 'Marvelous Nakamba', 'position': 'Midfield', 'dateOfBirth': '1994-10-19', 'nationality': 'Zimbabwe'}, {'id': 34877, 'name': 'Allan Campbell', 'position': 'Midfield', 'dateOfBirth': '1998-07-04', 'nationality': 'Scotland'}, {'id': 98483, 'name': 'Tahith Chong', 'position': 'Midfield', 'dateOfBirth': '1999-12-04', 'nationality': 'Netherlands'}, {'id': 157149, 'name': 'Louie Watson', 'position': 'Midfield', 'dateOfBirth': '2001-06-07', 'nationality': 'Ireland'}, {'id': 170448, 'name': 'Pelly-Ruddock Mpanzu', 'position': 'Midfield', 'dateOfBirth': '1994-03-22', 'nationality': 'DR Congo'}, {'id': 4413, 'name': 'Cauley Woodrow', 'position': 'Offence', 'dateOfBirth': '1994-12-02', 'nationality': 'England'}, {'id': 5481, 'name': 'John McAtee', 'position': 'Offence', 'dateOfBirth': '1999-07-23', 'nationality': 'England'}, {'id': 5483, 'name': 'Carlton Morris', 'position': 'Offence', 'dateOfBirth': '1995-12-16', 'nationality': 'England'}, {'id': 5552, 'name': 'Jacob Brown', 'position': 'Offence', 'dateOfBirth': '1998-04-10', 'nationality': 'Scotland'}, {'id': 6240, 'name': 'Jordan Clark', 'position': 'Offence', 'dateOfBirth': '1993-09-22', 'nationality': 'England'}, {'id': 58085, 'name': 'Elijah Adebayo', 'position': 'Offence', 'dateOfBirth': '1998-01-07', 'nationality': 'England'}, {'id': 125722, 'name': 'Aribim Pepple', 'position': 'Offence', 'dateOfBirth': '2002-12-25', 'nationality': 'Canada'}, {'id': 128995, 'name': 'Admiral Muskwe', 'position': 'Offence', 'dateOfBirth': '1998-08-21', 'nationality': 'Zimbabwe'}, {'id': 46697, 'name': 'Rob Edwards', 'position': None, 'dateOfBirth': '1982-12-25', 'nationality': 'Wales'}]",[],2022-02-19T08:50:08Z,2072,England,ENG,https://crests.football-data.org/770.svg,46697,Rob,Edwards,Rob Edwards,1982-12-25,Wales,2022-11,2026-06
16,16,397,Brighton & Hove Albion FC,Brighton Hove,BHA,https://crests.football-data.org/397.svg,44 North Road Brighton & Hove BN1 1YR,http://www.seagulls.co.uk,1898.0,Blue / White,The American Express Community Stadium,"[{'id': 2021, 'name': 'Premier League', 'code': 'PL', 'type': 'LEAGUE', 'emblem': 'https://crests.football-data.org/PL.png'}, {'id': 2146, 'name': 'UEFA Europa League', 'code': 'EL', 'type': 'CUP', 'emblem': 'https://crests.football-data.org/EL.png'}]","[{'id': 4040, 'name': 'Jason Steele', 'position': 'Goalkeeper', 'dateOfBirth': '1990-08-18', 'nationality': 'England'}, {'id': 126870, 'name': 'Bart Verbruggen', 'position': 'Goalkeeper', 'dateOfBirth': '2002-08-18', 'nationality': 'Netherlands'}, {'id': 140203, 'name': 'Thomas McGill', 'position': 'Goalkeeper', 'dateOfBirth': '2000-03-25', 'nationality': 'England'}, {'id': 4228, 'name': 'Adam Webster', 'position': 'Defence', 'dateOfBirth': '1995-01-04', 'nationality': 'England'}, {'id': 7547, 'name': 'Joël Veltman', 'position': 'Defence', 'dateOfBirth': '1992-01-15', 'nationality': 'Netherlands'}, {'id': 7861, 'name': 'James Milner', 'position': 'Defence', 'dateOfBirth': '1986-01-04', 'nationality': 'England'}, {'id': 8259, 'name': 'Lewis Dunk', 'position': 'Defence', 'dateOfBirth': '1991-11-21', 'nationality': 'England'}, {'id': 10777, 'name': 'Igor', 'position': 'Defence', 'dateOfBirth': '1998-02-07', 'nationality': 'Brazil'}, {'id': 32642, 'name': 'Pervis Estupiñán', 'position': 'Defence', 'dateOfBirth': '1998-01-21', 'nationality': 'Ecuador'}, {'id': 98566, 'name': 'Jan Paul van Hecke', 'position': 'Defence', 'dateOfBirth': '2000-06-08', 'nationality': 'Netherlands'}, {'id': 133787, 'name': 'Tariq Lamptey', 'position': 'Defence', 'dateOfBirth': '2000-09-30', 'nationality': 'Ghana'}, {'id': 158, 'name': 'Mahmoud Dahoud', 'position': 'Midfield', 'dateOfBirth': '1996-01-01', 'nationality': 'Germany'}, {'id': 3318, 'name': 'Adam Lallana', 'position': 'Midfield', 'dateOfBirth': '1988-05-10', 'nationality': 'England'}, {'id': 8273, 'name': 'Pascal Groß', 'position': 'Midfield', 'dateOfBirth': '1991-06-15', 'nationality': 'Germany'}, {'id': 99952, 'name': 'Jakub Moder', 'position': 'Midfield', 'dateOfBirth': '1999-04-07', 'nationality': 'Poland'}, {'id': 121103, 'name': 'Moisés Caicedo', 'position': 'Midfield', 'dateOfBirth': '2001-11-02', 'nationality': 'Ecuador'}, {'id': 126289, 'name': 'Billy Gilmour', 'position': 'Midfield', 'dateOfBirth': '2001-06-11', 'nationality': 'Scotland'}, {'id': 132707, 'name': 'Kaoru Mitoma', 'position': 'Midfield', 'dateOfBirth': '1997-05-20', 'nationality': 'Japan'}, {'id': 145613, 'name': 'Yasin Ayari', 'position': 'Midfield', 'dateOfBirth': '2003-10-06', 'nationality': 'Sweden'}, {'id': 161365, 'name': 'Solly March', 'position': 'Midfield', 'dateOfBirth': '1994-07-20', 'nationality': 'England'}, {'id': 168949, 'name': 'Julio Enciso', 'position': 'Midfield', 'dateOfBirth': '2004-01-23', 'nationality': 'Paraguay'}, {'id': 175856, 'name': 'Andrew Moran', 'position': 'Midfield', 'dateOfBirth': '2003-10-15', 'nationality': 'Ireland'}, {'id': 184273, 'name': 'Facundo Buonanotte', 'position': 'Midfield', 'dateOfBirth': '2004-12-23', 'nationality': 'Argentina'}, {'id': 3328, 'name': 'Danny Welbeck', 'position': 'Offence', 'dateOfBirth': '1990-11-26', 'nationality': 'England'}, {'id': 30755, 'name': 'Andi Zeqiri', 'position': 'Offence', 'dateOfBirth': '1999-06-22', 'nationality': 'Switzerland'}, {'id': 56840, 'name': 'Steven Alzate', 'position': 'Offence', 'dateOfBirth': '1998-09-08', 'nationality': 'Colombia'}, {'id': 103125, 'name': 'João Pedro', 'position': 'Offence', 'dateOfBirth': '2001-09-26', 'nationality': 'Brazil'}, {'id': 130809, 'name': 'Evan Ferguson', 'position': 'Offence', 'dateOfBirth': '2004-10-19', 'nationality': 'Ireland'}, {'id': 166249, 'name': 'Simon Adingra', 'position': 'Offence', 'dateOfBirth': '2002-01-01', 'nationality': 'Ivory Coast'}, {'id': 11109, 'name': 'Roberto De Zerbi', 'position': None, 'dateOfBirth': '1979-06-06', 'nationality': 'Italy'}]",[],2021-04-12T13:10:44Z,2072,England,ENG,https://crests.football-data.org/770.svg,11109,Roberto,De Zerbi,Roberto De Zerbi,1979-06-06,Italy,2022-09,2026-06
17,17,402,Brentford FC,Brentford,BRE,https://crests.football-data.org/402.png,Braemar Road Brentford TW8 0NT,http://www.brentfordfc.co.uk,1889.0,Red / White / Black,Griffin Park,"[{'id': 2021, 'name': 'Premier League', 'code': 'PL', 'type': 'LEAGUE', 'emblem': 'https://crests.football-data.org/PL.png'}, {'id': 2139, 'name': 'Football League Cup', 'code': 'FLC', 'type': 'CUP', 'emblem': 'https://crests.football-data.org/FLC.png'}]","[{'id': 2050, 'name': 'Thomas Strakosha', 'position': 'Goalkeeper', 'dateOfBirth': '1995-03-19', 'nationality': 'Albania'}, {'id': 4419, 'name': 'Ellery Balcombe', 'position': 'Goalkeeper', 'dateOfBirth': '1999-10-15', 'nationality': 'England'}, {'id': 4832, 'name': 'David Raya', 'position': 'Goalkeeper', 'dateOfBirth': '1995-09-15', 'nationality': 'Spain'}, {'id': 9923, 'name': 'Mark Flekken', 'position': 'Goalkeeper', 'dateOfBirth': '1993-06-13', 'nationality': 'Netherlands'}, {'id': 3454, 'name': 'Mathias Jørgensen', 'position': 'Defence', 'dateOfBirth': '1990-04-23', 'nationality': 'Denmark'}, {'id': 4334, 'name': 'Ethan Pinnock', 'position': 'Defence', 'dateOfBirth': '1993-05-29', 'nationality': 'Jamaica'}, {'id': 4426, 'name': 'Rico Henry', 'position': 'Defence', 'dateOfBirth': '1997-07-08', 'nationality': 'England'}, {'id': 4437, 'name': 'Mads Bech Sørensen', 'position': 'Defence', 'dateOfBirth': '1999-01-07', 'nationality': 'Denmark'}, {'id': 5428, 'name': 'Charlie Goode', 'position': 'Defence', 'dateOfBirth': '1995-08-03', 'nationality': 'England'}, {'id': 15535, 'name': 'Mads Roerslev', 'position': 'Defence', 'dateOfBirth': '1999-06-24', 'nationality': 'Denmark'}, {'id': 16068, 'name': 'Kristoffer Ajer', 'position': 'Defence', 'dateOfBirth': '1998-04-17', 'nationality': 'Norway'}, {'id': 101111, 'name': 'Aaron Hickey', 'position': 'Defence', 'dateOfBirth': '2002-01-01', 'nationality': 'Scotland'}, {'id': 115642, 'name': 'Nathan Collins', 'position': 'Defence', 'dateOfBirth': '2001-04-30', 'nationality': 'Ireland'}, {'id': 167115, 'name': 'Ben Mee', 'position': 'Defence', 'dateOfBirth': '1989-09-21', 'nationality': 'England'}, {'id': 8626, 'name': 'Bryan Mbeumo', 'position': 'Midfield', 'dateOfBirth': '1999-08-07', 'nationality': 'Cameroon'}, {'id': 10000, 'name': 'Vitaly Janelt', 'position': 'Midfield', 'dateOfBirth': '1998-05-10', 'nationality': 'Germany'}, {'id': 10194, 'name': 'Mathias Jensen', 'position': 'Midfield', 'dateOfBirth': '1996-01-01', 'nationality': 'Denmark'}, {'id': 24102, 'name': 'Christian Nørgaard', 'position': 'Midfield', 'dateOfBirth': '1994-03-10', 'nationality': 'Denmark'}, {'id': 24210, 'name': 'Frank Onyeka', 'position': 'Midfield', 'dateOfBirth': '1998-01-01', 'nationality': 'Nigeria'}, {'id': 56666, 'name': 'Shandon Baptiste', 'position': 'Midfield', 'dateOfBirth': '1998-04-08', 'nationality': 'Grenada'}, {'id': 204421, 'name': 'Yegor Yarmolyuk', 'position': 'Midfield', 'dateOfBirth': '2004-03-01', 'nationality': 'Ukraine'}, {'id': 612, 'name': 'Yoane Wissa', 'position': 'Offence', 'dateOfBirth': '1996-09-03', 'nationality': 'DR Congo'}, {'id': 4442, 'name': 'Sergi Canós', 'position': 'Offence', 'dateOfBirth': '1997-02-02', 'nationality': 'Spain'}, {'id': 5453, 'name': 'Ivan Toney', 'position': 'Offence', 'dateOfBirth': '1996-03-16', 'nationality': 'England'}, {'id': 7796, 'name': 'Josh Dasilva', 'position': 'Offence', 'dateOfBirth': '1998-10-23', 'nationality': 'England'}, {'id': 24238, 'name': 'Mikkel Damsgaard', 'position': 'Offence', 'dateOfBirth': '2000-07-03', 'nationality': 'Denmark'}, {'id': 101910, 'name': 'Keane Lewis-Potter', 'position': 'Offence', 'dateOfBirth': '2001-02-22', 'nationality': 'England'}, {'id': 123286, 'name': 'Kevin Schade', 'position': 'Offence', 'dateOfBirth': '2001-11-27', 'nationality': 'Germany'}, {'id': 98287, 'name': 'Thomas Frank', 'position': None, 'dateOfBirth': '1973-10-09', 'nationality': 'Denmark'}]",[],2022-04-03T16:24:00Z,2072,England,ENG,https://crests.football-data.org/770.svg,98287,Thomas,Frank,Thomas Frank,1973-10-09,Denmark,2018-10,2027-06
18,18,563,West Ham United FC,West Ham,WHU,https://crests.football-data.org/563.png,"Queen Elizabeth Olympic Park, London London E20 2ST",http://www.whufc.com,1895.0,Claret / Sky Blue,London Stadium,"[{'id': 2021, 'name': 'Premier League', 'code': 'PL', 'type': 'LEAGUE', 'emblem': 'https://crests.football-data.org/PL.png'}, {'id': 2146, 'name': 'UEFA Europa League', 'code': 'EL', 'type': 'CUP', 'emblem': 'https://crests.football-data.org/EL.png'}]","[{'id': 3357, 'name': 'Alphonse Aréola', 'position': 'Goalkeeper', 'dateOfBirth': '1993-02-27', 'nationality': 'France'}, {'id': 3526, 'name': 'Łukasz Fabiański', 'position': 'Goalkeeper', 'dateOfBirth': '1985-04-18', 'nationality': 'Poland'}, {'id': 137390, 'name': 'Joseph Anang', 'position': 'Goalkeeper', 'dateOfBirth': '2000-06-08', 'nationality': 'England'}, {'id': 3293, 'name': 'Edson Álvarez', 'position': 'Defence', 'dateOfBirth': '1997-10-24', 'nationality': 'Mexico'}, {'id': 6493, 'name': 'Thilo Kehrer', 'position': 'Defence', 'dateOfBirth': '1996-09-21', 'nationality': 'Germany'}, {'id': 7809, 'name': 'Emerson', 'position': 'Defence', 'dateOfBirth': '1994-08-03', 'nationality': 'Italy'}, {'id': 7948, 'name': 'Kurt Zouma', 'position': 'Defence', 'dateOfBirth': '1994-10-27', 'nationality': 'France'}, {'id': 8201, 'name': 'Aaron Cresswell', 'position': 'Defence', 'dateOfBirth': '1989-12-15', 'nationality': 'England'}, {'id': 8202, 'name': 'Angelo Ogbonna', 'position': 'Defence', 'dateOfBirth': '1988-05-23', 'nationality': 'Italy'}, {'id': 8224, 'name': 'Ben Johnson', 'position': 'Defence', 'dateOfBirth': '2000-01-24', 'nationality': 'England'}, {'id': 15742, 'name': 'Tomáš Souček', 'position': 'Defence', 'dateOfBirth': '1995-02-27', 'nationality': 'Czech Republic'}, {'id': 62631, 'name': 'Vladimir Coufal', 'position': 'Defence', 'dateOfBirth': '1992-08-22', 'nationality': 'Czech Republic'}, {'id': 81191, 'name': 'Nayef Aguerd', 'position': 'Defence', 'dateOfBirth': '1996-03-30', 'nationality': 'Morocco'}, {'id': 1543, 'name': 'Lucas Paquetá', 'position': 'Midfield', 'dateOfBirth': '1997-08-27', 'nationality': 'Brazil'}, {'id': 5626, 'name': 'Flynn Downes', 'position': 'Midfield', 'dateOfBirth': '1999-01-20', 'nationality': 'England'}, {'id': 8088, 'name': 'James Ward-Prowse', 'position': 'Midfield', 'dateOfBirth': '1994-11-01', 'nationality': 'England'}, {'id': 8212, 'name': 'Michail Antonio', 'position': 'Midfield', 'dateOfBirth': '1990-03-28', 'nationality': 'Jamaica'}, {'id': 33117, 'name': 'Pablo Fornals', 'position': 'Midfield', 'dateOfBirth': '1996-02-22', 'nationality': 'Spain'}, {'id': 92863, 'name': 'Conor Coventry', 'position': 'Midfield', 'dateOfBirth': '2000-03-25', 'nationality': 'Ireland'}, {'id': 699, 'name': 'Saïd Benrahma', 'position': 'Offence', 'dateOfBirth': '1995-08-10', 'nationality': 'Algeria'}, {'id': 7875, 'name': 'Danny Ings', 'position': 'Offence', 'dateOfBirth': '1992-07-23', 'nationality': 'England'}, {'id': 8471, 'name': 'Maxwel Cornet', 'position': 'Offence', 'dateOfBirth': '1996-09-27', 'nationality': 'Ivory Coast'}, {'id': 11414, 'name': 'Jarrod Bowen', 'position': 'Offence', 'dateOfBirth': '1996-01-01', 'nationality': 'England'}, {'id': 11734, 'name': 'David Moyes', 'position': None, 'dateOfBirth': '1963-04-25', 'nationality': 'Scotland'}]",[],2022-02-19T08:09:25Z,2072,England,ENG,https://crests.football-data.org/770.svg,11734,David,Moyes,David Moyes,1963-04-25,Scotland,2019-12,2024-06
19,19,1044,AFC Bournemouth,Bournemouth,BOU,https://crests.football-data.org/1044.png,"Dean Court, Kings Park Bournemouth BH7 7AF",http://www.afcb.co.uk,1890.0,Red / Black,Vitality Stadium,"[{'id': 2021, 'name': 'Premier League', 'code': 'PL', 'type': 'LEAGUE', 'emblem': 'https://crests.football-data.org/PL.png'}, {'id': 2139, 'name': 'Football League Cup', 'code': 'FLC', 'type': 'CUP', 'emblem': 'https://crests.football-data.org/FLC.png'}]","[{'id': 2788, 'name': 'Ionuț Radu', 'position': 'Goalkeeper', 'dateOfBirth': '1997-05-28', 'nationality': 'Romania'}, {'id': 3221, 'name': 'Neto', 'position': 'Goalkeeper', 'dateOfBirth': '1989-07-19', 'nationality': 'Brazil'}, {'id': 4203, 'name': 'Darren Randolph', 'position': 'Goalkeeper', 'dateOfBirth': '1987-05-12', 'nationality': 'Ireland'}, {'id': 3966, 'name': 'Ryan Fredericks', 'position': 'Defence', 'dateOfBirth': '1992-10-10', 'nationality': 'England'}, {'id': 4393, 'name': 'Lloyd Kelly', 'position': 'Defence', 'dateOfBirth': '1998-10-06', 'nationality': 'England'}, {'id': 4427, 'name': 'Chris Mepham', 'position': 'Defence', 'dateOfBirth': '1997-11-05', 'nationality': 'Wales'}, {'id': 8231, 'name': 'Adam Smith', 'position': 'Defence', 'dateOfBirth': '1991-04-29', 'nationality': 'England'}, {'id': 46046, 'name': 'Marcos Senesi', 'position': 'Defence', 'dateOfBirth': '1997-05-10', 'nationality': 'Argentina'}, {'id': 80765, 'name': 'Max Aarons', 'position': 'Defence', 'dateOfBirth': '2000-01-04', 'nationality': 'England'}, {'id': 82145, 'name': 'James Hill', 'position': 'Defence', 'dateOfBirth': '2002-01-10', 'nationality': 'England'}, {'id': 143573, 'name': 'Illia Zabarnyi', 'position': 'Defence', 'dateOfBirth': '2002-09-01', 'nationality': 'Ukraine'}, {'id': 171141, 'name': 'Milos Kerkez', 'position': 'Defence', 'dateOfBirth': '2003-11-07', 'nationality': 'Hungary'}, {'id': 171540, 'name': 'Ben Greenwood', 'position': 'Defence', 'dateOfBirth': '2003-02-20', 'nationality': 'Ireland'}, {'id': 2499, 'name': 'Hamed Traoré', 'position': 'Midfield', 'dateOfBirth': '2000-02-16', 'nationality': 'Ivory Coast'}, {'id': 3327, 'name': 'Lewis Cook', 'position': 'Midfield', 'dateOfBirth': '1997-02-03', 'nationality': 'England'}, {'id': 4321, 'name': 'David Brooks', 'position': 'Midfield', 'dateOfBirth': '1997-07-08', 'nationality': 'Wales'}, {'id': 4350, 'name': 'Kieffer Moore', 'position': 'Midfield', 'dateOfBirth': '1992-08-08', 'nationality': 'Wales'}, {'id': 4438, 'name': 'Emiliano Hansen', 'position': 'Midfield', 'dateOfBirth': '1995-03-09', 'nationality': 'Denmark'}, {'id': 4921, 'name': 'Jamal Lowe', 'position': 'Midfield', 'dateOfBirth': '1994-07-21', 'nationality': 'Jamaica'}, {'id': 5508, 'name': 'Joe Rothwell', 'position': 'Midfield', 'dateOfBirth': '1995-01-11', 'nationality': 'England'}, {'id': 6396, 'name': 'Marcus Tavernier', 'position': 'Midfield', 'dateOfBirth': '1999-03-22', 'nationality': 'England'}, {'id': 8184, 'name': 'Philip Billing', 'position': 'Midfield', 'dateOfBirth': '1996-06-11', 'nationality': 'Denmark'}, {'id': 34495, 'name': 'Ryan Christie', 'position': 'Midfield', 'dateOfBirth': '1995-02-22', 'nationality': 'Scotland'}, {'id': 128312, 'name': 'Gavin Kilkenny', 'position': 'Midfield', 'dateOfBirth': '2000-02-01', 'nationality': 'Ireland'}, {'id': 177305, 'name': 'Dango Ouattara', 'position': 'Midfield', 'dateOfBirth': '2002-02-11', 'nationality': 'Burkina Faso'}, {'id': 4417, 'name': 'Antoine Semenyo', 'position': 'Offence', 'dateOfBirth': '2000-01-07', 'nationality': 'Ghana'}, {'id': 7561, 'name': 'Justin Kluivert', 'position': 'Offence', 'dateOfBirth': '1999-05-05', 'nationality': 'Netherlands'}, {'id': 7878, 'name': 'Dominic Solanke', 'position': 'Offence', 'dateOfBirth': '1997-09-14', 'nationality': 'England'}, {'id': 150778, 'name': 'Jaidon Anthony', 'position': 'Offence', 'dateOfBirth': '1999-12-01', 'nationality': 'England'}, {'id': 161088, 'name': 'Alex Scott', 'position': 'Offence', 'dateOfBirth': '2003-08-21', 'nationality': 'England'}, {'id': 79707, 'name': 'Iraola', 'position': None, 'dateOfBirth': '1982-06-22', 'nationality': 'Spain'}]",[],2022-02-22T14:05:46Z,2072,England,ENG,https://crests.football-data.org/770.svg,79707,Andoni,Iraola,Iraola,1982-06-22,Spain,2023-07,2025-06
